name,known_taxon,n_blocks,dom_taxon,dom_frac,uncond_match,resolved,conf_dom_taxon,conf_frac,conf_match,mean_bestJ
PN10_SID865,Zh,3,NA,0.828,False,False,,0.0,,0.401
PN10_SID866,Zh,1,Zn,1.0,False,False,,0.0,,0.515
PN10_SID867,Zv,6,Zv,0.985,True,True,Zv,0.927,True,0.404
PN10_SID868,Zv,11,Zv,0.994,True,True,Zv,0.957,True,0.496
PN10_SID869,Zv,5,Zv,1.0,True,False,,0.0,,0.407
PN10_SID870,Zv,17,Zv,0.97,True,True,Zv,1.0,True,0.568
PN10_SID871,Zv,11,Zv,0.9,True,True,Zv,0.931,True,0.484
PN10_SID872,Zv,15,Zv,0.929,True,True,Zv,1.0,True,0.489
PN10_SID873,Zv,18,Zv,0.929,True,True,Zv,1.0,True,0.454
PN10_SID874,Zv,19,Zv,0.983,True,True,Zv,1.0,True,0.46
PN10_SID875,Zv,12,Zv,0.994,True,True,Zv,1.0,True,0.5
PN10_SID876,Zv,3,Zv,1.0,True,True,Zv,1.0,True,0.49
PN10_SID877,Zv,4,Zv,0.723,True,True,Zv,1.0,True,0.327
PN10_SID878,Zv,19,Zv,0.932,True,True,Zv,0.967,True,0.505
PN10_SID879,Zv,22,Zv,0.983,True,True,Zv,0.953,True,0.578
PN10_SID880,Zv,20,Zv,0.946,True,True,Zv,1.0,True,0.633
PN10_SID881,Zv,13,Zv,0.932,True,True,Zv,0.916,True,0.61
PN10_SID882,Zv,15,Zv,0.991,True,True,Zv,1.0,True,0.497
PN10_SID883,Zv,1,Zv,1.0,True,False,,0.0,,0.2
PN10_SID884,Zv,8,Zv,1.0,True,True,Zv,1.0,True,0.504
PN10_SID885,Zv,13,Zv,1.0,True,True,Zv,1.0,True,0.589
PN10_SID886,Zv,3,Zv,1.0,True,True,Zv,1.0,True,0.533
PN10_SID887,Zv,20,Zv,0.97,True,True,Zv,1.0,True,0.585
PN10_SID888,Zv,22,Zv,0.965,True,True,Zv,0.975,True,0.65
PN10_SID889,Zv,11,Zv,1.0,True,True,Zv,1.0,True,0.406
PN10_SID890,Zv,13,Zv,0.992,True,True,Zv,0.983,True,0.627
PN10_SID891,Zv,16,Zv,1.0,True,True,Zv,1.0,True,0.576
PN10_SID892,Zv,10,Zv,1.0,True,True,Zv,1.0,True,0.445
PN10_SID894,Zv,13,Zv,0.994,True,True,Zv,1.0,True,0.491
PN10_SID895,Zv,16,Zv,0.988,True,True,Zv,1.0,True,0.597
PN10_SID896,Zv,17,Zv,0.936,True,True,Zv,1.0,True,0.67
PN10_SID897,Zl,8,Zl,0.663,True,True,Zl,1.0,True,0.667
PN10_SID898,Zl,4,Zl,0.676,True,True,Zn,1.0,False,0.467
PN10_SID899,Zl,3,Zn,0.802,False,False,,0.0,,0.746
PN10_SID900,Zl,13,Zv,0.494,False,True,Zv,0.888,False,0.412
PN10_SID901,Zl,11,Zv,0.897,False,True,Zv,0.819,False,0.571
PN10_SID902,Zl,9,Zn,0.536,False,False,,0.0,,0.534
PN10_SID903,Zl,6,Zl,0.904,True,True,Zv,1.0,False,0.602
PN10_SID904,Zl,9,Zl,0.88,True,True,Zn,0.515,False,0.595
PN10_SID905,Zl,5,Zl,0.528,True,False,,0.0,,0.468
PN10_SID906,Zl,9,Zn,0.784,False,True,Zn,1.0,False,0.687
PN10_SID908,Zl,14,Zn,0.581,False,True,Zn,0.913,False,0.493
PN10_SID909,Zl,6,Zn,0.829,False,True,Zn,1.0,False,0.609
PN10_SID910,Zl,9,Zn,0.557,False,True,Zl,1.0,True,0.581
PN10_SID911,Zl,5,Zn,0.568,False,True,Zn,1.0,False,0.676
PN10_SID912,Zl,10,Zn,0.603,False,True,Zl,1.0,True,0.628
PN10_SID913,Zl,7,Zl,0.597,True,True,Zn,1.0,False,0.652
PN10_SID914,Zl,11,Zl,0.731,True,True,Zl,0.529,True,0.554
PN10_SID915,Zl,8,Zl,0.623,True,False,,0.0,,0.665
PN10_SID916,Zl,10,Zl,0.871,True,False,,0.0,,0.611
PN10_SID917,Zl,6,Zn,0.604,False,True,Zl,0.899,True,0.397
PN10_SID918,Zl,8,Zn,0.695,False,True,Zl,1.0,True,0.446
PN10_SID919,Zl,8,Zl,0.889,True,True,Zn,1.0,False,0.619
PN10_SID920,Zl,10,Zn,0.904,False,True,Zn,1.0,False,0.542
PN10_SID921,Zl,3,Zl,0.823,True,False,,0.0,,0.531
PN10_SID922,Zl,9,Zl,0.904,True,True,Zl,1.0,True,0.636
PN10_SID923,Zl,2,Zn,0.646,False,True,Zn,1.0,False,0.586
PN10_SID924,Zl,8,Zl,0.554,True,True,Zl,1.0,True,0.542
PN10_SID925,Zl,3,Zl,0.561,True,False,,0.0,,0.511
PN10_SID926,Zl,6,Zn,0.929,False,True,Zn,0.587,False,0.657
PN10_SID927,Zl,11,Zn,0.506,False,True,Zl,0.784,True,0.574
PN10_SID928,Zl,4,Zl,0.706,True,True,Zn,1.0,False,0.707
PN10_SID929,Zl,1,Zl,1.0,True,False,,0.0,,0.807
PN10_SID930,Zl,8,Zl,0.81,True,True,Zl,0.646,True,0.551
PN10_SID931,Zl,10,Zl,0.678,True,True,Zl,0.759,True,0.546
PN10_SID932,Zl,5,Zl,0.653,True,True,Zn,0.62,False,0.545
PN10_SID933,Zl,2,Zn,0.825,False,False,,0.0,,0.54
PN10_SID934,Zl,4,Zl,1.0,True,False,,0.0,,0.53
PN10_SID935,Zl,8,Zl,0.512,True,False,,0.0,,0.433
PN10_SID936,Zl,7,Zl,0.604,True,True,Zl,1.0,True,0.609
PN10_SID937,Zl,6,Zl,0.551,True,True,Zl,1.0,True,0.57
PN10_SID938,Zl,14,Zl,0.665,True,True,Zn,1.0,False,0.552
PN10_SID939,Zl,12,Zx,0.655,False,True,Zx,0.458,False,0.583
PN10_SID940,Zl,9,Zl,0.892,True,True,Zl,0.688,True,0.555
PN10_SID941,Zl,5,Zl,0.913,True,True,Zl,1.0,True,0.635
PN10_SID942,Zl,8,Zn,0.719,False,True,Zl,1.0,True,0.579
PN10_SID943,Zl,14,Zl,0.918,True,True,Zn,0.612,False,0.602
PN10_SID944,Zl,8,Zl,0.977,True,True,Zl,1.0,True,0.581
PN10_SID945,Zl,4,Zl,0.961,True,True,Zl,0.563,True,0.643
PN10_SID946,Zl,9,Zl,0.701,True,True,Zl,1.0,True,0.526
PN10_SID947,Zl,6,Zn,0.669,False,False,,0.0,,0.67
PN10_SID948,Zl,11,Zl,0.724,True,True,Zl,0.88,True,0.556
PN10_SID949,Zl,10,Zn,0.552,False,False,,0.0,,0.54
PN10_SID950,Zl,3,Zn,0.929,False,True,Zn,1.0,False,0.678
PN10_SID951,Zl,7,Zl,0.512,True,False,,0.0,,0.615
PN10_SID952,Zl,6,Zn,0.725,False,True,Zn,1.0,False,0.672
PN10_SID953,Zl,11,Zn,0.536,False,True,Zn,1.0,False,0.622
PN10_SID954,Zl,5,Zl,0.781,True,False,,0.0,,0.521
PN10_SID955,Zl,8,Zn,0.61,False,True,Zl,1.0,True,0.604
PN10_SID956,Zl,7,Zn,0.598,False,True,Zv,0.598,False,0.694
PN10_SID957,Zl,9,Zl,0.653,True,True,Zn,1.0,False,0.635
PN10_SID958,Zl,9,Zl,0.842,True,True,Zl,0.837,True,0.674
PN10_SID959,Zl,5,Zn,0.946,False,True,Zn,1.0,False,0.663
PN10_SID960,Zl,4,Zl,0.891,True,True,Zn,1.0,False,0.471
PN11_SID1000,Zv,13,Zv,0.805,True,True,Zv,0.945,True,0.542
PN11_SID1001,Zv,3,Zv,1.0,True,False,,0.0,,0.553
PN11_SID1002,Zv,5,Zv,1.0,True,True,Zv,1.0,True,0.549
PN11_SID1003,Zv,7,Zv,0.727,True,True,Zv,1.0,True,0.643
PN11_SID1004,Zv,12,Zv,0.904,True,True,Zv,0.757,True,0.476
PN11_SID1005,Zv,16,Zv,0.816,True,True,Zv,0.766,True,0.562
PN11_SID1006,Zv,10,Zv,0.773,True,True,Zv,0.805,True,0.62
PN11_SID1007,Zv,6,Zv,0.978,True,True,Zv,1.0,True,0.409
PN11_SID1008,Zv,8,Zv,0.958,True,True,Zv,1.0,True,0.463
PN11_SID1009,Zv,10,Zv,0.984,True,True,Zv,1.0,True,0.438
PN11_SID1010,Zv,9,Zv,0.933,True,True,Zv,0.914,True,0.584
PN11_SID1011,Zv,8,Zv,0.811,True,True,Zv,0.552,True,0.382
PN11_SID1012,Zv,15,Zv,0.971,True,True,Zv,1.0,True,0.606
PN11_SID1013,Zv,7,Zv,0.854,True,True,Zv,0.844,True,0.372
PN11_SID1014,Zv,7,Zv,0.89,True,True,Zx,1.0,False,0.437
PN11_SID1015,Zv,12,Zv,0.574,True,True,Zv,0.89,True,0.607
PN11_SID1016,Zv,8,Zv,0.725,True,True,Zv,1.0,True,0.502
PN11_SID1017,Zv,7,Zv,0.967,True,True,Zv,0.889,True,0.405
PN11_SID1018,Zv,2,Zv,0.863,True,False,,0.0,,0.631
PN11_SID1019,Zv,6,Zv,0.728,True,True,NA,1.0,False,0.362
PN11_SID1020,Zv,9,Zv,0.847,True,True,Zv,0.592,True,0.409
PN11_SID1021,Zv,6,Zv,0.969,True,True,Zv,1.0,True,0.419
PN11_SID1022,Zv,2,Zv,1.0,True,True,Zv,1.0,True,0.462
PN11_SID1023,Zv,10,Zv,0.964,True,True,Zv,1.0,True,0.453
PN11_SID1024,Zv,19,Zv,0.942,True,True,Zv,1.0,True,0.524
PN11_SID1025,Zv,6,Zv,0.733,True,True,Zv,0.784,True,0.565
PN11_SID1026,Zv,10,Zv,0.624,True,True,Zv,1.0,True,0.503
PN11_SID1027,Zv,10,Zv,0.852,True,True,Zv,0.834,True,0.425
PN11_SID1028,Zv,1,Zv,1.0,True,False,,0.0,,0.425
PN11_SID1029,Zv,6,Zv,0.602,True,True,Zx,0.816,False,0.603
PN11_SID1030,Zv,19,Zv,0.698,True,True,Zv,0.579,True,0.553
PN11_SID1031,Zv,9,Zv,0.666,True,True,Zv,1.0,True,0.63
PN11_SID1032,Zv,9,Zv,0.755,True,True,Zv,0.596,True,0.385
PN11_SID1033,Zv,7,Zv,0.968,True,True,Zv,1.0,True,0.476
PN11_SID1034,Zv,4,Zv,0.82,True,True,Zv,1.0,True,0.492
PN11_SID1035,Zv,4,Zv,1.0,True,True,Zv,1.0,True,0.361
PN11_SID1036,Zv,13,Zv,0.825,True,True,Zv,1.0,True,0.509
PN11_SID1037,Zv,13,Zv,1.0,True,True,Zv,1.0,True,0.44
PN11_SID1038,Zv,6,Zv,0.867,True,True,Zv,1.0,True,0.454
PN11_SID1039,Zv,6,Zv,0.875,True,True,Zv,0.794,True,0.601
PN11_SID1040,Zv,9,Zv,1.0,True,True,Zv,1.0,True,0.602
PN11_SID1041,Zv,2,Zv,1.0,True,False,,0.0,,0.424
PN11_SID1042,Zv,7,Zv,0.96,True,True,Zv,1.0,True,0.596
PN11_SID1043,Zv,4,Zv,0.873,True,True,Zv,0.873,True,0.659
PN11_SID1044,Zv,6,Zv,0.839,True,True,Zv,1.0,True,0.455
PN11_SID1045,Zv,12,Zv,0.895,True,True,Zv,0.766,True,0.477
PN11_SID1046,Zv,8,Zv,0.893,True,True,Zh,0.575,False,0.479
PN11_SID1047,Zv,8,Zv,0.807,True,True,Zv,1.0,True,0.647
PN11_SID1048,Zv,8,Zv,0.856,True,True,Zv,1.0,True,0.639
PN11_SID1049,Zv,9,Zv,1.0,True,True,Zv,1.0,True,0.547
PN11_SID1050,Zv,9,Zv,0.986,True,True,Zv,0.739,True,0.501
PN11_SID1051,Zv,12,Zv,0.858,True,True,Zv,1.0,True,0.579
PN11_SID1052,Zv,9,Zv,0.97,True,True,Zv,0.937,True,0.455
PN11_SID1053,Zv,2,Zv,0.705,True,True,Zv,1.0,True,0.481
PN11_SID1054,Zv,10,Zv,0.924,True,True,Zv,1.0,True,0.601
PN11_SID1055,Zv,10,Zv,0.915,True,True,Zv,0.906,True,0.652
PN11_SID1056,Zv,10,Zv,0.748,True,True,Zv,1.0,True,0.476
PN11_SID961,Zl,6,Zl,0.881,True,True,Zn,1.0,False,0.644
PN11_SID962,Zl,1,Zl,1.0,True,False,,0.0,,0.58
PN11_SID963,Zl,5,Zv,1.0,False,True,Zv,1.0,False,0.67
PN11_SID964,Zl,0,,0.0,,False,,0.0,,0.0
PN11_SID965,Zl,1,Zn,1.0,False,False,,0.0,,0.462
PN11_SID966,Zl,4,Zl,0.737,True,True,Zl,1.0,True,0.61
PN11_SID967,Zl,4,Zl,0.732,True,True,Zl,1.0,True,0.628
PN11_SID968,Zl,4,Zn,0.931,False,False,,0.0,,0.51
PN11_SID969,Zl,3,Zl,1.0,True,True,Zl,1.0,True,0.922
PN11_SID970,Zl,5,Zn,0.722,False,True,Zl,1.0,True,0.675
PN11_SID971,Zl,12,Zl,0.833,True,True,Zl,1.0,True,0.618
PN11_SID972,Zl,8,Zl,0.867,True,True,Zn,0.596,False,0.555
PN11_SID973,Zl,9,Zl,0.536,True,True,Zl,0.521,True,0.532
PN11_SID974,Zl,5,Zl,0.881,True,True,Zn,0.662,False,0.779
PN11_SID975,Zl,11,Zl,0.723,True,True,Zn,0.631,False,0.615
PN11_SID976,Zl,5,Zn,0.944,False,True,Zl,1.0,True,0.766
PN11_SID977,Zl,5,Zn,0.604,False,False,,0.0,,0.611
PN11_SID978,Zl,2,Zn,1.0,False,False,,0.0,,0.464
PN11_SID979,Zl,2,Zl,0.847,True,True,Zl,1.0,True,0.589
PN11_SID980,Zl,5,Zn,0.661,False,False,,0.0,,0.615
PN11_SID981,Zl,4,Zl,0.981,True,True,Zn,1.0,False,0.562
PN11_SID982,Zl,5,Zl,0.801,True,True,Zl,1.0,True,0.639
PN11_SID983,Zl,1,Zl,1.0,True,False,,0.0,,0.272
PN11_SID984,Zl,3,Zn,0.507,False,False,,0.0,,0.337
PN11_SID985,Zl,2,Zn,0.675,False,True,Zl,1.0,True,0.903
PN11_SID986,Zl,5,Zl,0.895,True,True,Zl,1.0,True,0.636
PN11_SID987,Zl,9,Zl,0.869,True,True,Zv,0.656,False,0.608
PN11_SID988,Zl,6,Zl,0.781,True,True,Zl,0.663,True,0.601
PN11_SID989,Zl,4,Zl,0.9,True,True,Zn,1.0,False,0.548
PN11_SID990,Zl,6,Zn,0.806,False,True,Zv,1.0,False,0.596
PN11_SID991,Zl,12,Zl,0.745,True,True,Zl,1.0,True,0.489
PN11_SID992,Zl,2,Zl,0.538,True,True,Zl,1.0,True,0.603
PN11_SID993,Zv,10,Zv,0.944,True,True,Zv,1.0,True,0.565
PN11_SID994,Zv,10,Zv,0.935,True,True,Zv,0.801,True,0.569
PN11_SID995,Zv,4,Zv,0.783,True,True,Zv,1.0,True,0.527
PN11_SID996,Zv,6,Zv,0.96,True,True,Zv,1.0,True,0.555
PN11_SID997,Zv,5,Zv,0.772,True,True,Zv,0.601,True,0.435
PN11_SID998,Zv,4,Zv,0.849,True,True,Zv,1.0,True,0.432
PN11_SID999,Zv,15,Zv,0.993,True,True,Zv,1.0,True,0.525
PN12_SID1057,Zv,27,Zv,0.78,True,True,Zv,0.768,True,0.593
PN12_SID1058,Zv,5,Zx,0.751,False,True,Zx,1.0,False,0.49
PN12_SID1059,Zv,12,Zv,0.937,True,True,Zv,0.613,True,0.374
PN12_SID1060,Zv,13,Zv,0.887,True,True,Zv,0.807,True,0.554
PN12_SID1061,Zv,9,Zv,0.859,True,True,Zv,0.813,True,0.47
PN12_SID1062,Zv,10,Zv,0.745,True,True,Zv,0.864,True,0.391
PN12_SID1063,Zv,11,Zv,0.909,True,True,Zv,1.0,True,0.389
PN12_SID1064,Zv,10,Zv,0.819,True,True,Zv,0.757,True,0.452
PN12_SID1065,Zv,15,Zv,0.947,True,True,Zv,1.0,True,0.499
PN12_SID1066,Zv,30,Zv,0.94,True,True,Zv,0.936,True,0.564
PN12_SID1067,Zv,12,Zv,0.901,True,True,Zv,1.0,True,0.49
PN12_SID1068,Zv,12,Zv,0.886,True,True,Zv,0.836,True,0.53
PN12_SID1069,Zv,9,Zv,1.0,True,True,Zv,1.0,True,0.48
PN12_SID1070,Zv,17,Zv,1.0,True,True,Zv,1.0,True,0.54
PN12_SID1071,Zv,5,Zv,1.0,True,True,Zv,1.0,True,0.547
PN12_SID1072,Zv,34,Zv,0.923,True,True,Zv,0.918,True,0.512
PN12_SID1073,Zv,16,Zv,0.851,True,True,Zv,0.971,True,0.511
PN12_SID1074,Zv,23,Zv,0.821,True,True,Zv,1.0,True,0.508
PN12_SID1076,Zv,5,Zv,0.96,True,True,Zv,1.0,True,0.545
PN12_SID1077,Zv,6,Zv,0.664,True,True,Zv,1.0,True,0.447
PN12_SID1078,Zv,13,Zv,0.949,True,True,Zv,1.0,True,0.483
PN12_SID1079,Zv,11,Zv,0.951,True,True,Zv,0.951,True,0.533
PN12_SID1080,Zv,11,Zv,0.991,True,True,Zv,0.981,True,0.429
PN12_SID1081,Zv,7,Zv,0.845,True,True,Zv,1.0,True,0.577
PN12_SID1082,Zv,4,Zv,1.0,True,True,Zv,1.0,True,0.424
PN12_SID1083,Zv,9,Zv,0.962,True,True,Zv,1.0,True,0.454
PN12_SID1084,Zv,9,Zv,0.942,True,True,Zv,1.0,True,0.453
PN12_SID1085,Zv,8,Zv,1.0,True,True,Zv,1.0,True,0.425
PN12_SID1086,Zv,14,Zv,0.906,True,True,Zv,1.0,True,0.472
PN12_SID1087,Zv,21,Zv,0.884,True,True,Zv,0.986,True,0.555
PN12_SID1088,Zv,7,Zv,0.838,True,True,Zv,1.0,True,0.532
PN12_SID1089,Zv,13,Zv,1.0,True,True,Zv,1.0,True,0.471
PN12_SID1090,Zv,26,Zv,0.918,True,True,Zv,0.991,True,0.552
PN12_SID1091,Zv,22,Zv,0.668,True,True,Zv,0.923,True,0.507
PN12_SID1092,Zv,8,Zv,0.956,True,True,Zx,1.0,False,0.456
PN12_SID1093,Zv,5,Zx,0.701,False,True,Zx,0.733,False,0.566
PN12_SID1094,Zv,9,Zv,0.455,True,True,NA,1.0,False,0.443
PN12_SID1095,Zv,8,Zv,0.537,True,True,Zv,1.0,True,0.454
PN12_SID1096,Zv,10,Zx,0.863,False,True,Zx,1.0,False,0.602
PN12_SID1097,Zv,8,Zv,1.0,True,True,Zv,1.0,True,0.551
PN12_SID1098,Zv,14,Zv,0.813,True,True,Zv,1.0,True,0.424
PN12_SID1099,Zv,12,Zv,0.797,True,True,Zv,1.0,True,0.558
PN12_SID1100,Zv,7,Zv,0.778,True,True,Zv,0.927,True,0.627
PN12_SID1101,Zv,8,Zv,0.977,True,True,Zv,1.0,True,0.324
PN12_SID1102,Zv,6,Zx,0.554,False,True,Zv,0.815,True,0.601
PN12_SID1103,Zv,9,Zx,0.679,False,True,Zv,0.629,True,0.549
PN12_SID1104,Zv,21,Zx,0.525,False,True,Zv,0.72,True,0.579
PN12_SID1105,Zv,16,Zv,0.416,True,True,Zv,0.815,True,0.539
PN12_SID1106,Zv,17,Zv,0.993,True,True,Zv,1.0,True,0.376
PN12_SID1107,Zv,7,Zv,0.477,True,True,Zx,0.726,False,0.483
PN12_SID1108,Zv,6,Zn,0.52,False,True,Zv,1.0,True,0.436
PN12_SID1109,Zv,8,Zv,0.738,True,True,Zv,0.934,True,0.441
PN12_SID1110,Zv,14,Zv,0.803,True,True,Zv,0.885,True,0.534
PN12_SID1111,Zv,9,Zv,0.819,True,True,Zv,1.0,True,0.494
PN12_SID1112,Zv,18,Zv,0.667,True,True,Zv,0.942,True,0.6
PN12_SID1113,Zv,8,Zv,0.602,True,True,Zv,1.0,True,0.51
PN12_SID1114,Zv,6,Zv,1.0,True,True,Zv,1.0,True,0.372
PN12_SID1115,Zv,11,Zv,0.788,True,True,Zx,0.526,False,0.351
PN12_SID1116,Zv,6,Zv,0.926,True,True,Zv,1.0,True,0.374
PN12_SID1117,Zv,3,Zx,0.773,False,True,Zx,1.0,False,0.45
PN12_SID1118,Zv,8,Zv,0.683,True,True,Zx,0.79,False,0.444
PN12_SID1119,Zv,5,Zv,1.0,True,True,Zv,1.0,True,0.537
PN12_SID1120,Zv,7,Zv,0.509,True,True,Zv,1.0,True,0.479
PN12_SID1121,Zv,24,Zv,0.969,True,True,Zv,1.0,True,0.571
PN12_SID1122,Zv,9,Zv,0.99,True,True,Zv,0.962,True,0.488
PN12_SID1123,Zv,1,Zx,1.0,False,False,,0.0,,0.667
PN12_SID1124,Zv,3,Zd,0.383,False,True,Zh,1.0,False,0.545
PN12_SID1125,Zv,10,Zv,0.788,True,True,Zv,0.905,True,0.552
PN12_SID1126,Zv,5,Zv,1.0,True,True,Zv,1.0,True,0.477
PN12_SID1127,Zv,9,Zv,0.907,True,False,,0.0,,0.352
PN12_SID1128,Zv,10,Zv,1.0,True,True,Zv,1.0,True,0.358
PN12_SID1129,Zv,12,Zv,1.0,True,True,Zv,1.0,True,0.419
PN12_SID1130,Zv,5,Zv,0.976,True,True,Zv,0.685,True,0.413
PN12_SID1131,Zv,9,Zv,0.99,True,True,Zv,0.592,True,0.454
PN12_SID1132,Zv,13,Zv,0.995,True,True,Zv,1.0,True,0.415
PN12_SID1133,Zv,15,Zv,0.877,True,True,Zv,0.883,True,0.59
PN12_SID1134,Zv,6,Zv,0.969,True,True,Zv,0.951,True,0.508
PN12_SID1135,Zv,13,Zv,0.837,True,True,Zv,1.0,True,0.462
PN12_SID1136,Zv,4,Zv,1.0,True,True,Zv,1.0,True,0.449
PN12_SID1137,Zv,5,Zv,1.0,True,True,Zv,1.0,True,0.349
PN12_SID1138,Zv,20,Zv,0.947,True,True,Zv,0.924,True,0.598
PN12_SID1139,Zv,22,Zv,0.987,True,True,Zv,1.0,True,0.398
PN12_SID1140,Zv,18,Zv,0.883,True,True,Zv,0.901,True,0.519
PN12_SID1141,Zv,8,Zv,0.827,True,True,Zv,1.0,True,0.498
PN12_SID1142,Zv,8,Zv,0.979,True,True,Zv,0.966,True,0.592
PN12_SID1143,Zv,18,Zv,0.743,True,True,Zv,0.962,True,0.414
PN12_SID1144,Zv,16,Zv,0.975,True,True,Zv,0.953,True,0.526
PN12_SID1145,Zv,10,Zv,1.0,True,True,Zv,1.0,True,0.478
PN12_SID1146,Zv,6,Zv,0.659,True,True,Zv,1.0,True,0.569
PN12_SID1147,Zv,8,Zv,0.83,True,True,Zv,1.0,True,0.474
PN12_SID1148,Zv,8,Zv,0.809,True,True,Zv,0.906,True,0.551
PN12_SID1149,Zv,10,Zv,0.936,True,True,Zv,0.935,True,0.491
PN12_SID1150,Zv,13,Zv,0.862,True,True,Zx,0.739,False,0.434
PN12_SID1151,Zv,16,Zv,0.904,True,True,Zv,1.0,True,0.503
PN12_SID1152,Zv,18,Zv,0.935,True,True,Zv,1.0,True,0.491
PN13_SID1153,Zv,12,Zv,0.98,True,True,Zv,1.0,True,0.465
PN13_SID1154,Zv,8,Zv,1.0,True,True,Zv,1.0,True,0.531
PN13_SID1155,Zv,2,Zx,0.633,False,True,Zv,1.0,True,0.544
PN13_SID1156,Zv,12,Zv,0.943,True,True,Zv,1.0,True,0.466
PN13_SID1157,Zv,4,Zv,1.0,True,True,Zv,1.0,True,0.458
PN13_SID1158,Zv,14,Zv,0.858,True,True,Zv,1.0,True,0.58
PN13_SID1159,Zv,17,Zv,0.973,True,True,Zv,0.979,True,0.611
PN13_SID1160,Zv,6,Zv,0.941,True,True,Zv,1.0,True,0.391
PN13_SID1161,Zv,4,Zv,0.623,True,False,,0.0,,0.373
PN13_SID1163,Zv,6,Zv,1.0,True,True,Zv,1.0,True,0.581
PN13_SID1164,Zv,9,Zv,0.99,True,True,Zv,1.0,True,0.361
PN13_SID1165,Zv,12,Zv,0.846,True,True,Zv,1.0,True,0.571
PN13_SID1166,Zv,16,Zv,0.969,True,True,Zv,1.0,True,0.646
PN13_SID1167,Zv,7,Zv,0.824,True,True,Zv,0.887,True,0.566
PN13_SID1168,Zv,10,Zv,0.97,True,True,Zv,0.955,True,0.473
PN13_SID1169,Zv,3,Zv,1.0,True,True,Zv,1.0,True,0.608
PN13_SID1170,Zv,13,Zv,1.0,True,True,Zv,1.0,True,0.631
PN13_SID1172,Zv,8,Zv,0.768,True,True,Zv,0.613,True,0.55
PN13_SID1173,Zv,11,Zv,0.841,True,True,Zv,0.972,True,0.498
PN13_SID1174,Zv,7,Zv,0.849,True,True,Zv,1.0,True,0.621
PN13_SID1175,Zv,12,Zv,0.805,True,True,Zv,1.0,True,0.601
PN13_SID1176,Zv,30,Zv,0.642,True,True,Zv,0.917,True,0.62
PN13_SID1177,Zv,4,Zv,0.897,True,True,Zv,1.0,True,0.457
PN13_SID1178,Zv,12,Zv,0.908,True,True,Zv,1.0,True,0.475
PN13_SID1179,Zv,20,Zv,0.997,True,True,Zv,1.0,True,0.583
PN13_SID1180,Zv,5,Zv,0.664,True,True,Zv,1.0,True,0.573
PN13_SID1181,Zv,12,Zv,0.583,True,True,Zv,0.947,True,0.587
PN13_SID1182,Zv,8,Zv,0.74,True,True,Zv,1.0,True,0.608
PN13_SID1183,Zv,7,Zv,1.0,True,True,Zv,1.0,True,0.589
PN13_SID1184,Zv,9,Zv,0.948,True,True,Zv,1.0,True,0.587
PN13_SID1185,Zv,12,Zv,0.949,True,True,Zv,1.0,True,0.557
PN13_SID1186,Zv,5,Zv,1.0,True,True,Zv,1.0,True,0.494
PN13_SID1187,Zv,9,Zv,0.901,True,True,Zv,1.0,True,0.54
PN13_SID1188,Zv,5,Zv,0.961,True,True,Zv,0.956,True,0.533
PN13_SID1189,Zv,4,Zv,0.922,True,True,Zv,0.854,True,0.594
PN13_SID1190,Zv,5,Zv,0.74,True,True,Zv,1.0,True,0.294
PN13_SID1191,Zv,8,Zv,0.825,True,True,Zv,0.846,True,0.507
PN13_SID1192,Zv,15,Zv,0.951,True,True,Zv,0.944,True,0.584
PN13_SID1193,Zv,4,Zv,0.753,True,True,Zv,1.0,True,0.497
PN13_SID1194,Zv,6,Zv,0.987,True,True,Zv,1.0,True,0.488
PN13_SID1195,Zv,3,Zv,0.826,True,True,Zv,1.0,True,0.429
PN13_SID1196,Zv,12,Zv,0.842,True,True,Zv,0.867,True,0.521
PN13_SID1197,Zv,9,Zv,0.89,True,True,Zv,0.808,True,0.579
PN13_SID1198,Zv,6,Zv,0.589,True,True,Zv,1.0,True,0.472
PN13_SID1200,Zd,1,Zd,1.0,True,False,,0.0,,0.458
PN13_SID1201,Zd,3,Zd,1.0,True,False,,0.0,,0.601
PN13_SID1202,Zd,7,Zd,0.871,True,True,Zd,1.0,True,0.648
PN13_SID1203,Zd,3,Zd,1.0,True,True,Zd,1.0,True,0.557
PN13_SID1204,Zd,3,Zd,1.0,True,False,,0.0,,0.724
PN13_SID1205,Zd,5,Zh,0.343,False,True,Zd,1.0,True,0.729
PN13_SID1206,Zd,8,Zd,0.6,True,True,Zd,1.0,True,0.523
PN13_SID1207,Zd,0,,0.0,,False,,0.0,,0.0
PN13_SID1208,Zd,5,Zl,0.685,False,True,Zl,0.502,False,0.584
PN13_SID1209,Zd,4,Zd,1.0,True,True,Zd,1.0,True,0.724
PN13_SID1210,Zd,2,Zd,0.585,True,True,Zd,0.585,True,0.787
PN13_SID1211,Zd,2,Zx,1.0,False,True,Zx,1.0,False,0.573
PN13_SID1212,Zd,0,,0.0,,False,,0.0,,0.0
PN13_SID1213,Zd,2,Zl,0.819,False,True,Zl,1.0,False,0.741
PN13_SID1214,Zd,10,Zh,0.436,False,True,Zl,0.599,False,0.596
PN13_SID1215,Zd,10,Zd,0.301,True,True,Zd,1.0,True,0.493
PN13_SID1216,Zd,5,Zd,0.981,True,False,,0.0,,0.584
PN13_SID1217,Zd,9,Zd,0.727,True,True,Zh,1.0,False,0.611
PN13_SID1218,Zd,6,Zl,0.529,False,False,,0.0,,0.724
PN13_SID1219,Zd,4,Zh,0.868,False,True,Zh,1.0,False,0.682
PN13_SID1220,Zd,4,Zd,0.728,True,False,,0.0,,0.479
PN13_SID1221,Zd,0,,0.0,,False,,0.0,,0.0
PN13_SID1222,Zd,2,Zh,0.757,False,False,,0.0,,0.79
PN13_SID1223,Zd,5,Zd,0.718,True,True,Zh,1.0,False,0.664
PN13_SID1224,Zd,3,Zh,0.701,False,True,Zd,1.0,True,0.829
PN13_SID1227,Zd,1,Zd,1.0,True,False,,0.0,,0.783
PN13_SID1228,Zd,5,Zd,0.935,True,True,Zd,1.0,True,0.654
PN13_SID1229,Zd,20,Zd,0.366,True,True,Zd,1.0,True,0.571
PN13_SID1230,Zd,5,Zl,0.806,False,True,Zd,0.7,True,0.614
PN13_SID1231,Zd,7,Zd,0.558,True,False,,0.0,,0.565
PN13_SID1232,Zd,13,Zh,0.369,False,False,,0.0,,0.585
PN13_SID1233,Zd,6,Zd,0.51,True,False,,0.0,,0.632
PN13_SID1234,Zd,3,Zx,0.476,False,True,Zl,1.0,False,0.754
PN13_SID1235,Zd,4,Zh,0.536,False,False,,0.0,,0.624
PN13_SID1236,Zd,3,Zh,0.507,False,False,,0.0,,0.595
PN13_SID1237,Zd,2,Zd,0.537,True,False,,0.0,,0.678
PN13_SID1238,Zd,3,Zd,0.687,True,True,Zh,1.0,False,0.637
PN13_SID1239,Zd,9,Zd,0.443,True,True,Zh,1.0,False,0.69
PN13_SID1240,Zd,8,Zl,0.628,False,True,Zd,1.0,True,0.559
PN13_SID1241,Zd,1,Zl,1.0,False,False,,0.0,,0.952
PN13_SID1242,Zd,4,Zd,0.964,True,True,Zd,0.639,True,0.784
PN13_SID1243,Zd,8,Zd,0.461,True,True,Zl,0.901,False,0.684
PN13_SID1244,Zd,4,Zl,0.676,False,True,Zd,0.727,True,0.569
PN13_SID1245,Zd,4,Zl,0.506,False,True,Zd,1.0,True,0.788
PN13_SID1246,Zd,5,Zd,0.489,True,True,Zd,0.612,True,0.688
PN13_SID1247,Zd,5,Zd,0.53,True,False,,0.0,,0.542
PN13_SID1248,Zd,4,Zh,0.489,False,False,,0.0,,0.613
PN14_SID1249,Zd,9,Zd,0.7,True,True,Zd,0.682,True,0.672
PN14_SID1250,Zd,4,Zd,0.611,True,True,Zl,1.0,False,0.67
PN14_SID1251,Zd,3,Zl,0.644,False,True,Zd,1.0,True,0.569
PN14_SID1252,Zd,10,Zl,0.561,False,True,Zd,0.514,True,0.639
PN14_SID1253,Zd,3,Zd,0.507,True,True,Zl,1.0,False,0.695
PN14_SID1254,Zd,10,Zv,1.0,False,True,Zv,1.0,False,0.549
PN14_SID1255,Zd,3,Zd,1.0,True,True,Zd,1.0,True,0.873
PN14_SID1256,Zd,7,Zd,0.676,True,True,Zh,0.526,False,0.478
PN14_SID1257,Zd,18,Zh,0.47,False,True,Zd,0.712,True,0.583
PN14_SID1258,Zd,10,Zd,0.86,True,False,,0.0,,0.594
PN14_SID1259,Zd,34,Zv,0.869,False,True,Zv,0.933,False,0.408
PN14_SID1260,Zd,4,Zd,0.889,True,True,Zh,1.0,False,0.702
PN14_SID1261,Zd,4,Zd,0.755,True,True,Zl,0.515,False,0.855
PN14_SID1262,Zd,16,Zd,0.473,True,True,Zl,0.587,False,0.635
PN14_SID1263,Zd,13,Zd,0.535,True,True,Zl,0.713,False,0.693
PN14_SID1264,Zd,8,Zd,0.931,True,True,Zd,0.602,True,0.638
PN14_SID1265,Zd,4,Zd,1.0,True,False,,0.0,,0.55
PN14_SID1266,Zd,5,Zh,0.619,False,True,Zh,0.685,False,0.607
PN14_SID1268,Zd,6,Zl,0.547,False,True,Zl,1.0,False,0.611
PN14_SID1269,Zd,3,Zl,0.67,False,False,,0.0,,0.481
PN14_SID1270,Zd,8,Zd,0.424,True,True,Zd,0.53,True,0.593
PN14_SID1271,Zd,7,Zd,0.624,True,False,,0.0,,0.636
PN14_SID1272,Zd,3,Zl,1.0,False,False,,0.0,,0.327
PN14_SID1273,Zd,4,Zh,0.929,False,True,Zh,1.0,False,0.65
PN14_SID1274,Zd,8,Zl,0.577,False,True,Zh,0.692,False,0.609
PN14_SID1275,Zd,14,Zl,0.456,False,True,Zl,0.524,False,0.619
PN14_SID1276,Zd,8,Zd,0.86,True,True,Zh,0.531,False,0.493
PN14_SID1277,Zd,3,Zh,0.579,False,False,,0.0,,0.377
PN14_SID1278,Zd,11,Zd,0.741,True,True,Zd,0.573,True,0.666
PN14_SID1279,Zd,11,Zd,0.675,True,True,Zd,0.953,True,0.701
PN14_SID1280,Zd,4,Zd,0.838,True,True,Zd,1.0,True,0.714
PN14_SID1281,Zd,9,Zl,0.709,False,True,Zl,0.825,False,0.646
PN14_SID1282,Zd,7,Zl,0.5,False,True,Zd,1.0,True,0.613
PN14_SID1283,Zd,4,Zd,0.932,True,True,Zl,1.0,False,0.617
PN14_SID1284,Zd,6,Zh,0.541,False,True,Zl,1.0,False,0.443
PN14_SID1285,Zd,5,Zl,0.712,False,True,Zl,1.0,False,0.558
PN14_SID1286,Zd,3,Zl,1.0,False,False,,0.0,,0.583
PN14_SID1287,Zd,5,Zd,1.0,True,True,Zd,1.0,True,0.619
PN14_SID1288,Zd,10,Zd,0.472,True,True,Zl,1.0,False,0.601
PN14_SID1289,Zd,7,Zl,0.592,False,True,Zd,1.0,True,0.587
PN14_SID1290,Zd,8,Zd,0.721,True,True,Zd,1.0,True,0.711
PN14_SID1291,Zd,9,Zd,0.899,True,True,Zd,0.831,True,0.439
PN14_SID1292,Zd,2,Zd,0.878,True,True,Zv,1.0,False,0.684
PN14_SID1293,Zd,6,Zd,0.826,True,False,,0.0,,0.447
PN14_SID1294,Zd,8,Zd,0.551,True,True,Zd,0.561,True,0.718
PN14_SID1295,Zd,7,Zd,0.763,True,True,Zd,0.568,True,0.616
PN14_SID1296,Zd,3,Zd,1.0,True,False,,0.0,,0.544
PN14_SID1297,Zd,5,Zl,0.964,False,True,Zl,1.0,False,0.614
PN14_SID1298,Zd,2,Zd,0.796,True,False,,0.0,,0.501
PN14_SID1299,Zd,8,Zl,0.496,False,True,Zl,1.0,False,0.616
PN14_SID1300,Zd,3,Zd,0.962,True,True,Zl,1.0,False,0.494
PN14_SID1301,Zd,7,Zl,0.595,False,False,,0.0,,0.49
PN14_SID1302,Zd,2,Zl,0.523,False,False,,0.0,,0.39
PN14_SID1303,Zd,5,Zd,1.0,True,True,Zd,1.0,True,0.573
PN14_SID1304,Zd,8,Zd,0.72,True,True,Zh,0.857,False,0.708
PN14_SID1305,Zd,3,Zl,0.7,False,False,,0.0,,0.66
PN14_SID1306,Zd,5,Zd,0.671,True,False,,0.0,,0.587
PN14_SID1307,Zd,4,Zd,0.882,True,True,Zl,0.656,False,0.656
PN14_SID1308,Zd,10,Zl,0.445,False,True,Zd,1.0,True,0.623
PN14_SID1309,Zd,5,Zd,0.495,True,True,Zl,0.464,False,0.62
PN14_SID1310,Zd,9,Zd,0.685,True,True,Zd,0.668,True,0.598
PN14_SID1311,Zd,3,Zd,0.913,True,True,Zl,1.0,False,0.681
PN14_SID1312,Zd,6,Zd,0.552,True,True,Zd,0.892,True,0.622
PN14_SID1315,Zd,4,Zd,0.882,True,True,Zd,1.0,True,0.547
PN14_SID1316,Zd,2,Zh,0.645,False,True,Zh,1.0,False,0.724
PN14_SID1317,Zd,4,Zl,0.396,False,False,,0.0,,0.678
PN14_SID1318,Zd,3,Zl,0.811,False,True,Zd,1.0,True,0.633
PN14_SID1319,Zd,5,Zd,0.833,True,False,,0.0,,0.575
PN14_SID1320,Zd,3,Zd,0.693,True,True,Zd,1.0,True,0.752
PN14_SID1321,Zd,4,Zl,0.459,False,False,,0.0,,0.796
PN14_SID1322,Zd,4,Zd,0.841,True,True,Zv,1.0,False,0.555
PN14_SID1323,Zd,4,Zd,0.676,True,True,Zd,1.0,True,0.639
PN14_SID1324,Zd,5,Zd,0.94,True,True,Zh,1.0,False,0.538
PN14_SID1325,Zd,5,Zd,0.611,True,False,,0.0,,0.502
PN14_SID1326,Zd,1,Zd,1.0,True,False,,0.0,,0.833
PN14_SID1327,Zd,6,Zl,0.315,False,True,Zl,0.383,False,0.767
PN14_SID1328,Zd,8,Zd,0.781,True,False,,0.0,,0.638
PN14_SID1329,Zd,5,Zd,0.684,True,True,Zh,1.0,False,0.553
PN14_SID1330,Zd,8,Zd,0.789,True,True,Zd,1.0,True,0.639
PN14_SID1331,Zd,5,Zl,0.812,False,False,,0.0,,0.709
PN14_SID1332,Zd,5,Zd,0.488,True,True,Zl,1.0,False,0.585
PN14_SID1333,Zd,6,Zd,0.523,True,True,Zd,1.0,True,0.617
PN14_SID1334,Zd,5,Zh,0.635,False,False,,0.0,,0.336
PN14_SID1336,Zd,5,Zd,0.831,True,True,Zl,0.568,False,0.598
PN14_SID1337,Zd,1,Zd,1.0,True,False,,0.0,,0.745
PN14_SID1338,Zd,10,Zd,0.434,True,True,Zd,1.0,True,0.588
PN14_SID1339,Zd,9,Zd,0.703,True,True,Zd,1.0,True,0.565
PN14_SID1340,Zd,10,Zd,0.594,True,True,Zl,0.683,False,0.635
PN14_SID1341,Zd,7,Zd,0.824,True,True,Zd,0.813,True,0.696
PN14_SID1342,Zd,10,Zl,0.478,False,True,Zd,0.526,True,0.595
PN14_SID1343,Zd,5,Zd,0.405,True,True,Zl,0.622,False,0.535
PN14_SID1344,Zd,7,Zl,0.545,False,True,Zh,1.0,False,0.597
PN15_SID1345,Zd,4,Zd,0.792,True,True,Zl,1.0,False,0.686
PN15_SID1346,Zd,12,Zv,0.867,False,True,Zv,0.613,False,0.533
PN15_SID1347,Zd,7,Zv,0.886,False,True,Zv,1.0,False,0.428
PN15_SID1348,Zd,7,Zd,0.757,True,True,Zh,1.0,False,0.584
PN15_SID1349,Zd,6,Zv,0.777,False,True,Zn,0.725,False,0.513
PN15_SID1350,Zd,3,Zx,0.571,False,False,,0.0,,0.465
PN15_SID1351,Zd,7,Zl,0.789,False,True,Zd,0.607,True,0.689
PN15_SID1352,Zd,8,Zd,0.789,True,True,Zh,1.0,False,0.613
PN15_SID1354,Zd,6,Zd,0.554,True,True,Zd,1.0,True,0.593
PN15_SID1355,Zd,5,Zd,0.648,True,False,,0.0,,0.448
PN15_SID1356,Zv,8,Zv,0.555,True,True,Zv,1.0,True,0.593
PN15_SID1357,Zv,7,Zv,1.0,True,False,,0.0,,0.384
PN15_SID1358,Zv,10,Zv,1.0,True,True,Zv,1.0,True,0.505
PN15_SID1359,Zv,6,Zv,0.867,True,True,Zv,1.0,True,0.532
PN15_SID1360,Zv,4,Zv,1.0,True,True,Zv,1.0,True,0.396
PN15_SID1361,Zv,1,Zv,1.0,True,True,Zv,1.0,True,0.7
PN15_SID1362,Zv,7,Zv,0.973,True,True,Zv,0.914,True,0.463
PN15_SID1364,Zv,10,Zv,0.97,True,True,Zv,0.957,True,0.506
PN15_SID1365,Zv,7,Zv,0.984,True,True,Zv,0.954,True,0.474
PN15_SID1366,Zv,7,Zv,1.0,True,True,Zv,1.0,True,0.439
PN15_SID1367,Zv,8,Zv,0.942,True,True,Zv,0.859,True,0.534
PN15_SID1368,Zv,11,Zv,1.0,True,True,Zv,1.0,True,0.526
PN15_SID1369,Zv,8,Zv,1.0,True,True,Zv,1.0,True,0.421
PN15_SID1370,Zv,11,Zv,0.911,True,True,Zv,0.811,True,0.426
PN15_SID1371,Zv,14,Zv,0.981,True,True,Zv,1.0,True,0.53
PN15_SID1372,Zv,10,Zv,1.0,True,True,Zv,1.0,True,0.558
PN15_SID1373,Zv,6,Zv,0.918,True,True,Zv,0.883,True,0.491
PN15_SID1374,Zv,2,Zv,1.0,True,True,Zv,1.0,True,0.651
PN15_SID1375,Zv,16,Zv,0.979,True,True,Zv,1.0,True,0.504
PN15_SID1376,Zv,10,Zv,1.0,True,True,Zv,1.0,True,0.549
PN15_SID1377,Zv,12,Zv,0.982,True,True,Zv,0.964,True,0.57
PN15_SID1378,Zv,7,Zv,0.974,True,True,Zv,1.0,True,0.573
PN15_SID1379,Zv,3,Zv,1.0,True,True,Zv,1.0,True,0.626
PN15_SID1380,Zv,6,Zv,0.93,True,True,Zv,1.0,True,0.341
PN15_SID1381,Zv,6,Zv,0.977,True,True,Zv,0.833,True,0.554
PN15_SID1382,Zv,9,Zv,0.912,True,True,Zv,1.0,True,0.437
PN15_SID1383,Zv,11,Zv,0.864,True,True,Zv,1.0,True,0.564
PN15_SID1384,Zv,5,Zv,1.0,True,True,Zv,1.0,True,0.426
PN15_SID1385,Zv,8,Zv,1.0,True,True,Zv,1.0,True,0.442
PN15_SID1386,Zv,5,Zv,1.0,True,True,Zv,1.0,True,0.423
PN15_SID1387,Zv,3,Zv,1.0,True,False,,0.0,,0.375
PN15_SID1388,Zv,6,Zv,1.0,True,True,Zv,1.0,True,0.443
PN15_SID1389,Zv,6,Zv,0.775,True,True,Zv,0.69,True,0.447
PN15_SID1390,Zv,12,Zv,0.892,True,True,Zv,1.0,True,0.498
PN15_SID1391,Zv,15,Zv,0.933,True,True,Zv,1.0,True,0.613
PN15_SID1392,Zv,13,Zv,0.965,True,True,Zv,0.988,True,0.557
PN15_SID1393,Zv,9,Zv,0.974,True,True,Zv,1.0,True,0.421
PN15_SID1394,Zv,9,Zv,0.961,True,True,Zv,0.924,True,0.497
PN15_SID1395,Zv,4,Zv,1.0,True,True,Zv,1.0,True,0.595
PN15_SID1396,Zv,3,Zv,1.0,True,True,Zv,1.0,True,0.481
PN15_SID1397,Zv,5,Zv,0.865,True,True,Zv,1.0,True,0.468
PN15_SID1398,Zv,2,Zv,1.0,True,False,,0.0,,0.441
PN15_SID1399,Zv,10,Zv,0.84,True,True,Zv,1.0,True,0.517
PN15_SID1400,Zv,6,Zv,0.931,True,True,Zv,1.0,True,0.646
PN15_SID1401,Zv,2,Zv,1.0,True,True,Zv,1.0,True,0.535
PN15_SID1402,Zv,1,Zv,1.0,True,True,Zv,1.0,True,0.524
PN15_SID1403,Zv,4,Zv,0.833,True,True,Zv,1.0,True,0.433
PN15_SID1404,Zv,3,Zx,0.541,False,True,Zv,1.0,True,0.55
PN15_SID1405,Zv,2,NA,0.903,False,True,Zx,1.0,False,0.404
PN15_SID1406,Zv,2,NA,0.971,False,False,,0.0,,0.335
PN15_SID1407,Zv,2,Zv,1.0,True,True,Zv,1.0,True,0.55
PN15_SID1408,Zv,5,Zv,0.591,True,True,Zv,1.0,True,0.562
PN15_SID1410,Zv,6,Zv,0.464,True,True,Zx,1.0,False,0.506
PN15_SID1411,Zv,4,Zv,0.681,True,False,,0.0,,0.454
PN15_SID1412,Zv,8,NA,0.507,False,True,Zx,0.607,False,0.499
PN15_SID1413,Zv,4,Zv,0.746,True,True,Zx,0.633,False,0.63
PN15_SID1414,Zv,1,Zv,1.0,True,False,,0.0,,0.552
PN15_SID1415,Zv,2,Zv,0.901,True,False,,0.0,,0.495
PN15_SID1416,Zv,3,Zx,0.863,False,False,,0.0,,0.413
PN15_SID1417,Zv,6,Zx,0.659,False,True,Zx,1.0,False,0.334
PN15_SID1418,Zv,3,Zv,0.821,True,True,Zx,1.0,False,0.424
PN15_SID1419,Zv,6,Zx,0.603,False,True,Zx,0.848,False,0.492
PN15_SID1420,Zv,3,Zv,0.899,True,True,Zv,1.0,True,0.484
PN15_SID1421,Zv,16,Zv,0.566,True,True,Zv,0.816,True,0.724
PN15_SID1422,Zv,13,Zv,0.668,True,True,Zv,0.846,True,0.502
PN15_SID1423,Zv,0,,0.0,,False,,0.0,,0.0
PN15_SID1424,Zv,23,Zx,0.517,False,True,Zx,0.748,False,0.597
PN15_SID1425,Zv,4,Zv,1.0,True,True,Zv,1.0,True,0.484
PN15_SID1426,Zv,7,Zv,1.0,True,True,Zv,1.0,True,0.658
PN15_SID1427,Zv,6,Zv,0.759,True,True,Zv,0.892,True,0.546
PN15_SID1428,Zv,6,Zv,0.903,True,True,Zv,1.0,True,0.49
PN15_SID1429,Zv,3,Zv,1.0,True,True,Zv,1.0,True,0.473
PN15_SID1430,Zv,1,Zv,1.0,True,False,,0.0,,0.857
PN15_SID1431,Zv,3,Zv,0.935,True,True,Zn,1.0,False,0.337
PN15_SID1432,Zv,11,Zv,0.805,True,True,Zv,0.858,True,0.532
PN15_SID1433,Zv,9,Zv,0.884,True,True,Zv,1.0,True,0.465
PN15_SID1434,Zv,4,Zv,1.0,True,True,Zv,1.0,True,0.414
PN15_SID1435,Zv,9,Zv,0.926,True,True,Zv,0.965,True,0.538
PN15_SID1436,Zv,2,Zv,1.0,True,True,Zv,1.0,True,0.52
PN15_SID1437,Zv,8,Zv,0.89,True,True,Zv,0.89,True,0.672
PN15_SID1438,Zv,9,Zv,0.973,True,True,Zv,1.0,True,0.371
PN15_SID1439,Zv,4,NA,0.534,False,False,,0.0,,0.524
PN15_SID1440,Zv,2,Zv,1.0,True,False,,0.0,,0.472
PN16_SID1441,Zv,16,Zv,0.834,True,True,Zv,0.976,True,0.538
PN16_SID1442,Zv,22,Zv,0.876,True,True,Zv,1.0,True,0.533
PN16_SID1443,Zv,10,Zv,0.888,True,True,Zv,0.948,True,0.535
PN16_SID1444,Zv,22,Zv,0.815,True,True,Zv,1.0,True,0.563
PN16_SID1445,Zv,18,Zv,0.863,True,True,Zv,1.0,True,0.425
PN16_SID1446,Zv,17,Zv,0.933,True,True,Zv,1.0,True,0.74
PN16_SID1447,Zv,6,Zv,1.0,True,True,Zv,1.0,True,0.479
PN16_SID1448,Zv,7,Zv,1.0,True,True,Zv,1.0,True,0.481
PN16_SID1449,Zv,16,Zv,0.869,True,True,Zv,0.737,True,0.477
PN16_SID1450,Zv,28,Zv,0.801,True,True,Zv,0.962,True,0.547
PN16_SID1451,Zv,2,Zv,0.931,True,True,Zn,1.0,False,0.557
PN16_SID1452,Zv,22,Zv,0.948,True,True,Zv,0.921,True,0.569
PN16_SID1453,Zv,10,Zv,0.966,True,True,Zv,1.0,True,0.45
PN16_SID1454,Zv,7,Zv,1.0,True,True,Zv,1.0,True,0.375
PN16_SID1455,Zv,3,Zv,1.0,True,True,Zv,1.0,True,0.524
PN16_SID1456,Zv,18,Zv,0.935,True,True,Zv,0.908,True,0.545
PN16_SID1457,Zv,14,Zv,0.938,True,True,Zv,0.97,True,0.59
PN16_SID1458,Zv,7,Zv,1.0,True,True,Zv,1.0,True,0.585
PN16_SID1459,Zv,27,Zv,0.844,True,True,Zv,0.962,True,0.615
PN16_SID1460,Zv,5,Zv,0.585,True,True,Zv,0.647,True,0.482
PN16_SID1461,Zv,49,Zv,0.889,True,True,Zv,0.916,True,0.617
PN16_SID1462,Zv,40,Zv,0.919,True,True,Zv,0.952,True,0.552
PN16_SID1463,Zv,9,Zv,0.94,True,True,NA,0.783,False,0.487
PN16_SID1464,Zv,30,Zv,0.79,True,True,Zv,0.881,True,0.614
PN16_SID1465,Zv,13,Zv,0.966,True,True,Zv,1.0,True,0.483
PN16_SID1466,Zv,10,Zv,0.971,True,True,Zv,1.0,True,0.358
PN16_SID1467,Zv,15,Zv,0.845,True,True,Zv,1.0,True,0.499
PN16_SID1468,Zv,13,Zv,0.405,True,True,Zv,0.906,True,0.551
PN16_SID1469,Zv,19,Zv,0.967,True,True,Zv,0.908,True,0.498
PN16_SID1470,Zv,17,Zv,0.903,True,True,Zv,1.0,True,0.568
PN16_SID1471,Zv,21,Zv,0.908,True,True,Zv,1.0,True,0.588
PN16_SID1472,Zv,23,Zv,0.825,True,True,Zv,0.847,True,0.65
PN16_SID1473,Zv,17,Zv,0.814,True,True,Zv,1.0,True,0.594
PN16_SID1474,Zv,11,Zv,0.8,True,True,Zv,0.429,True,0.489
PN16_SID1475,Zv,16,Zv,0.89,True,True,Zv,1.0,True,0.57
PN16_SID1476,Zv,9,Zv,0.831,True,True,Zv,1.0,True,0.433
PN16_SID1477,Zv,8,Zv,0.984,True,True,Zv,1.0,True,0.481
PN16_SID1478,Zv,19,Zv,0.912,True,True,Zv,0.962,True,0.483
PN16_SID1479,Zv,8,Zv,0.684,True,True,Zv,0.788,True,0.513
PN16_SID1480,Zv,2,NA,0.594,False,False,,0.0,,0.35
PN16_SID1481,Zv,2,Zv,1.0,True,True,Zv,1.0,True,0.681
PN16_SID1482,Zv,15,Zv,0.778,True,True,Zv,1.0,True,0.526
PN16_SID1483,Zv,5,Zv,0.813,True,True,Zv,0.935,True,0.479
PN16_SID1484,Zv,9,Zv,0.942,True,True,Zv,1.0,True,0.424
PN16_SID1485,Zv,14,Zv,0.95,True,True,Zv,0.967,True,0.517
PN16_SID1487,Zv,9,Zv,0.943,True,True,Zv,1.0,True,0.358
PN16_SID1488,Zv,13,Zv,0.714,True,True,Zx,1.0,False,0.406
PN16_SID1489,Zv,18,Zx,0.551,False,True,Zx,0.662,False,0.427
PN16_SID1490,Zv,12,Zv,0.847,True,True,Zv,0.908,True,0.514
PN16_SID1491,Zv,10,Zv,0.426,True,False,,0.0,,0.354
PN16_SID1492,Zv,10,NA,0.497,False,True,Zv,0.574,True,0.415
PN16_SID1493,Zv,6,NA,0.716,False,False,,0.0,,0.417
PN16_SID1494,Zv,15,Zv,0.758,True,True,Zv,0.718,True,0.588
PN16_SID1495,Zv,10,NA,0.491,False,True,Zv,1.0,True,0.386
PN16_SID1496,Zv,10,Zv,0.662,True,True,Zv,0.968,True,0.537
PN16_SID1497,Zv,10,Zv,0.653,True,True,Zv,0.573,True,0.525
PN16_SID1498,Zv,11,Zx,0.828,False,True,Zx,0.711,False,0.582
PN16_SID1499,Zv,2,Zv,1.0,True,True,Zv,1.0,True,0.381
PN16_SID1500,Zv,7,Zv,0.525,True,True,Zx,1.0,False,0.489
PN16_SID1501,Zv,4,Zx,0.776,False,True,Zx,0.837,False,0.496
PN16_SID1502,Zv,17,NA,0.551,False,True,Zx,0.644,False,0.578
PN16_SID1503,Zv,6,Zv,0.598,True,False,,0.0,,0.407
PN16_SID1504,Zv,6,Zx,1.0,False,False,,0.0,,0.38
PN16_SID1505,Zv,14,Zv,0.533,True,True,Zx,0.591,False,0.558
PN16_SID1506,Zv,18,Zx,0.767,False,True,Zv,0.544,True,0.493
PN16_SID1507,Zv,6,Zx,0.891,False,True,Zx,1.0,False,0.445
PN16_SID1508,Zv,11,Zv,0.773,True,True,Zv,0.52,True,0.604
PN16_SID1509,Zx,13,Zx,0.757,True,True,Zx,0.79,True,0.515
PN16_SID1510,Zx,2,Zx,0.933,True,False,,0.0,,0.54
PN16_SID1511,Zx,9,Zx,0.875,True,True,Zx,1.0,True,0.561
PN16_SID1512,Zx,21,Zx,0.838,True,True,Zx,0.89,True,0.477
PN16_SID1513,Zx,22,Zx,0.857,True,True,Zx,0.799,True,0.568
PN16_SID1514,Zx,5,Zx,1.0,True,True,Zx,1.0,True,0.384
PN16_SID1515,Zx,27,Zx,0.771,True,True,Zx,0.946,True,0.489
PN16_SID1516,Zx,9,Zx,0.514,True,True,Zx,0.833,True,0.536
PN16_SID1517,Zx,10,Zx,0.692,True,True,Zv,0.939,False,0.471
PN16_SID1518,Zx,6,Zx,0.923,True,True,Zx,1.0,True,0.506
PN16_SID1519,Zx,12,Zx,0.713,True,True,Zx,0.534,True,0.504
PN16_SID1520,Zx,8,Zx,0.88,True,True,Zx,0.76,True,0.526
PN16_SID1521,Zx,9,Zx,0.932,True,True,Zx,0.972,True,0.4
PN16_SID1522,Zx,6,Zx,1.0,True,True,Zx,1.0,True,0.546
PN16_SID1523,Zx,15,Zx,0.815,True,True,Zx,0.951,True,0.517
PN16_SID1524,Zx,7,Zx,0.915,True,True,Zx,0.66,True,0.515
PN16_SID1525,Zx,16,Zx,0.809,True,True,Zx,0.849,True,0.559
PN16_SID1526,Zx,5,Zx,0.763,True,True,NA,1.0,False,0.44
PN16_SID1527,Zx,15,Zx,0.751,True,True,Zx,0.925,True,0.677
PN16_SID1528,Zx,12,Zx,0.839,True,True,Zx,1.0,True,0.583
PN16_SID1529,Zx,8,Zx,0.845,True,True,NA,0.452,False,0.434
PN16_SID1530,Zx,6,NA,0.565,False,True,Zx,1.0,True,0.417
PN16_SID1531,Zx,16,Zx,0.831,True,True,Zx,0.795,True,0.587
PN16_SID1532,Zx,8,Zx,0.895,True,True,Zx,0.893,True,0.608
PN16_SID1533,Zx,5,Zv,0.685,False,True,Zv,0.587,False,0.7
PN16_SID1534,Zx,6,Zx,0.777,True,True,Zv,1.0,False,0.418
PN16_SID1535,Zx,12,Zx,0.889,True,True,Zx,0.952,True,0.557
PN16_SID1536,Zx,30,NA,0.447,False,True,Zv,0.948,False,0.525
PN17_SID1537,Zx,5,Zx,0.694,True,True,Zv,0.625,False,0.49
PN17_SID1538,Zx,6,NA,0.755,False,True,Zx,1.0,True,0.465
PN17_SID1539,Zx,5,NA,0.71,False,True,NA,1.0,False,0.431
PN17_SID1540,Zx,8,NA,0.712,False,True,Zv,0.552,False,0.478
PN17_SID1541,Zx,9,NA,0.775,False,True,Zx,1.0,True,0.515
PN17_SID1542,Zx,12,Zx,0.568,True,False,,0.0,,0.424
PN17_SID1543,Zx,15,NA,0.503,False,True,NA,0.668,False,0.471
PN17_SID1544,Zx,11,NA,0.856,False,True,NA,0.861,False,0.439
PN17_SID1545,Zx,3,NA,0.57,False,True,NA,0.733,False,0.542
PN17_SID1546,Zx,12,NA,0.541,False,True,NA,0.684,False,0.587
PN17_SID1547,Zx,9,NA,0.606,False,True,Zx,0.801,True,0.574
PN17_SID1548,Zx,5,NA,0.832,False,False,,0.0,,0.401
PN17_SID1549,Zx,8,NA,0.782,False,False,,0.0,,0.481
PN17_SID1550,Zx,10,NA,0.661,False,True,NA,0.872,False,0.511
PN17_SID1551,Zx,6,Zx,0.645,True,True,Zx,1.0,True,0.54
PN17_SID1552,Zx,5,NA,0.675,False,True,NA,0.581,False,0.551
PN17_SID1553,Zx,3,NA,0.758,False,True,Zx,1.0,True,0.465
PN17_SID1554,Zx,8,Zx,0.648,True,True,NA,1.0,False,0.425
PN17_SID1555,Zx,12,NA,0.774,False,True,NA,0.977,False,0.505
PN17_SID1556,Zx,3,NA,0.578,False,False,,0.0,,0.425
PN17_SID1557,Zx,8,NA,0.652,False,True,Zv,0.505,False,0.533
PN17_SID1558,Zx,4,NA,0.939,False,False,,0.0,,0.51
PN17_SID1559,Zx,4,NA,0.963,False,True,Zx,1.0,True,0.539
PN17_SID1560,Zx,10,Zx,0.677,True,True,Zx,0.743,True,0.491
PN17_SID1561,Zx,3,Zx,1.0,True,True,Zx,1.0,True,0.432
PN17_SID1562,Zx,4,Zx,0.962,True,True,Zx,1.0,True,0.518
PN17_SID1563,Zx,8,Zx,0.872,True,True,Zv,0.804,False,0.563
PN17_SID1564,Zx,16,Zx,0.844,True,True,Zx,0.559,True,0.532
PN17_SID1565,Zx,34,Zv,0.892,False,True,Zv,0.977,False,0.535
PN17_SID1566,Zx,25,Zv,0.543,False,True,Zx,0.885,True,0.4
PN17_SID1567,Zx,9,Zx,0.681,True,True,Zx,1.0,True,0.56
PN17_SID1568,Zx,16,Zx,0.789,True,True,Zx,0.633,True,0.475
PN17_SID1569,Zx,7,Zx,0.979,True,True,Zx,1.0,True,0.411
PN17_SID1570,Zx,13,Zx,0.785,True,True,Zx,1.0,True,0.523
PN17_SID1571,Zx,12,Zx,0.657,True,True,Zx,0.918,True,0.507
PN17_SID1572,Zx,4,Zx,0.751,True,False,,0.0,,0.542
PN17_SID1573,Zx,12,Zx,0.701,True,True,Zx,1.0,True,0.55
PN17_SID1574,Zx,17,Zx,0.521,True,True,Zx,0.958,True,0.536
PN17_SID1575,Zx,7,Zx,0.87,True,True,Zx,0.837,True,0.441
PN17_SID1576,Zx,13,Zx,0.933,True,True,Zx,1.0,True,0.499
PN17_SID1577,Zx,10,Zx,0.8,True,True,Zx,1.0,True,0.448
PN17_SID1578,Zx,9,Zx,0.925,True,True,Zx,0.85,True,0.466
PN17_SID1579,Zx,9,Zx,0.473,True,True,Zx,0.89,True,0.567
PN17_SID1580,Zx,11,Zx,0.834,True,True,Zx,1.0,True,0.486
PN17_SID1581,Zx,3,Zv,1.0,False,True,Zv,1.0,False,0.639
PN17_SID1582,Zx,12,Zv,0.477,False,True,Zx,0.689,True,0.508
PN17_SID1583,Zx,1,Zv,1.0,False,False,,0.0,,0.429
PN17_SID1584,Zx,3,Zx,1.0,True,True,Zx,1.0,True,0.498
PN17_SID1585,Zx,28,Zx,0.791,True,True,Zx,0.942,True,0.582
PN17_SID1586,Zx,18,Zx,0.698,True,True,Zx,0.894,True,0.469
PN17_SID1587,Zx,7,NA,0.4,False,True,Zx,0.508,True,0.456
PN17_SID1588,Zx,10,Zx,0.955,True,True,Zx,0.743,True,0.535
PN17_SID1589,Zx,24,Zx,0.631,True,True,Zx,0.922,True,0.502
PN17_SID1590,Zx,12,Zx,0.767,True,True,Zx,0.928,True,0.491
PN17_SID1591,Zx,10,NA,0.468,False,True,Zv,0.423,False,0.505
PN17_SID1592,Zx,8,Zv,0.486,False,True,NA,1.0,False,0.394
PN17_SID1593,Zx,16,NA,0.505,False,True,NA,0.679,False,0.481
PN17_SID1594,Zx,7,NA,0.806,False,True,NA,1.0,False,0.652
PN17_SID1595,Zx,7,Zv,0.658,False,True,NA,0.959,False,0.431
PN17_SID1596,Zx,21,NA,0.518,False,True,NA,0.785,False,0.493
PN17_SID1597,Zx,7,Zx,0.647,True,True,Zx,0.562,True,0.504
PN17_SID1598,Zx,20,NA,0.478,False,True,NA,0.658,False,0.527
PN17_SID1599,Zx,8,NA,0.85,False,True,Zx,1.0,True,0.382
PN17_SID1600,Zx,29,NA,0.535,False,True,NA,0.655,False,0.541
PN17_SID1601,Zx,8,NA,0.545,False,True,NA,0.866,False,0.607
PN17_SID1602,Zx,5,NA,0.717,False,True,NA,0.795,False,0.506
PN17_SID1603,Zx,18,NA,0.466,False,True,NA,0.815,False,0.523
PN17_SID1604,Zx,14,NA,0.792,False,True,NA,0.471,False,0.448
PN17_SID1605,Zx,10,NA,0.524,False,True,NA,1.0,False,0.422
PN17_SID1606,Zx,9,NA,0.685,False,True,NA,0.812,False,0.486
PN17_SID1607,Zx,12,Zx,0.556,True,True,Zx,0.601,True,0.504
PN17_SID1608,Zx,15,Zx,0.454,True,True,NA,0.651,False,0.457
PN17_SID1609,Zx,12,Zv,0.563,False,True,Zv,0.932,False,0.509
PN17_SID1610,Zx,9,NA,0.882,False,True,NA,0.961,False,0.547
PN17_SID1611,Zx,13,Zx,0.489,True,True,NA,0.845,False,0.546
PN17_SID1612,Zx,22,NA,0.719,False,True,NA,0.819,False,0.541
PN17_SID1613,Zx,4,Zx,0.553,True,True,NA,1.0,False,0.46
PN17_SID1614,Zx,5,NA,0.647,False,False,,0.0,,0.435
PN17_SID1615,Zx,18,Zx,0.913,True,True,Zx,0.951,True,0.493
PN17_SID1616,Zx,21,Zx,0.645,True,True,Zx,0.939,True,0.483
PN17_SID1617,Zx,20,Zx,0.598,True,True,Zx,0.701,True,0.492
PN17_SID1618,Zx,12,Zx,0.587,True,True,Zx,0.991,True,0.479
PN17_SID1619,Zx,13,Zx,0.768,True,True,Zv,0.502,False,0.461
PN17_SID1620,Zx,29,Zv,0.648,False,True,Zv,0.596,False,0.542
PN17_SID1621,Zx,27,Zv,0.492,False,True,Zv,0.682,False,0.505
PN17_SID1622,Zx,10,Zx,0.612,True,True,Zx,0.876,True,0.58
PN17_SID1623,Zx,10,Zx,0.785,True,True,Zx,1.0,True,0.423
PN17_SID1624,Zx,7,Zx,0.658,True,False,,0.0,,0.464
PN17_SID1625,Zx,4,Zx,0.852,True,True,NA,1.0,False,0.492
PN17_SID1626,Zx,5,NA,0.796,False,True,NA,1.0,False,0.446
PN17_SID1627,Zx,12,NA,0.893,False,True,NA,1.0,False,0.53
PN17_SID1628,Zx,14,NA,0.663,False,True,NA,0.787,False,0.585
PN17_SID1629,Zx,13,NA,0.673,False,True,NA,0.864,False,0.429
PN17_SID1630,Zx,22,NA,0.84,False,True,NA,1.0,False,0.462
PN17_SID1631,Zx,10,NA,0.465,False,True,NA,0.796,False,0.631
PN17_SID1632,Zx,7,NA,0.339,False,True,Zx,0.536,True,0.472
PN3_SID199,Zx,8,NA,0.576,False,True,NA,0.867,False,0.509
PN3_SID200,Zx,6,NA,0.704,False,True,NA,0.753,False,0.613
PN3_SID201,Zx,20,NA,0.572,False,True,Zv,0.553,False,0.548
PN3_SID202,Zx,9,Zx,0.698,True,False,,0.0,,0.418
PN3_SID204,Zx,6,NA,0.958,False,True,NA,1.0,False,0.484
PN3_SID205,Zx,15,NA,0.538,False,True,Zv,1.0,False,0.451
PN3_SID206,Zx,10,NA,0.496,False,True,Zx,0.57,True,0.6
PN3_SID207,Zx,3,Zx,0.565,True,True,NA,1.0,False,0.418
PN3_SID208,Zx,8,Zx,0.525,True,True,Zx,0.755,True,0.44
PN3_SID209,Zx,8,Zx,0.846,True,True,Zx,0.86,True,0.508
PN3_SID210,Zx,11,Zx,0.806,True,True,NA,0.679,False,0.509
PN3_SID211,Zx,9,Zx,0.861,True,True,Zx,1.0,True,0.477
PN3_SID212,Zx,9,Zx,0.761,True,True,Zv,1.0,False,0.396
PN3_SID213,Zx,17,Zx,0.828,True,True,Zx,0.729,True,0.51
PN3_SID214,Zx,3,Zx,0.865,True,True,Zx,1.0,True,0.555
PN3_SID215,Zx,13,Zx,0.874,True,True,Zx,0.799,True,0.555
PN3_SID216,Zx,6,Zx,1.0,True,True,Zx,1.0,True,0.559
PN3_SID218,Zx,7,Zv,0.791,False,True,Zx,0.768,True,0.569
PN3_SID219,Zx,37,Zv,0.758,False,True,Zx,0.652,True,0.385
PN3_SID220,Zx,9,Zx,0.704,True,True,Zx,1.0,True,0.51
PN3_SID221,Zx,4,NA,0.694,False,True,Zx,1.0,True,0.473
PN3_SID222,Zx,17,Zx,0.853,True,True,Zx,0.911,True,0.614
PN3_SID223,Zx,5,Zx,1.0,True,True,Zx,1.0,True,0.6
PN3_SID224,Zx,22,Zx,0.9,True,True,Zx,0.933,True,0.512
PN3_SID225,Zx,5,Zv,0.622,False,False,,0.0,,0.434
PN3_SID226,Zx,16,Zx,0.911,True,True,Zx,0.963,True,0.488
PN3_SID227,Zx,15,Zx,0.886,True,True,Zx,0.811,True,0.483
PN3_SID228,Zx,26,Zx,0.913,True,True,Zx,0.963,True,0.531
PN3_SID229,Zx,19,Zx,0.89,True,True,Zx,0.964,True,0.589
PN3_SID230,Zx,15,Zx,0.384,True,True,Zx,0.904,True,0.474
PN3_SID231,Zx,15,Zx,0.869,True,True,Zx,0.853,True,0.54
PN3_SID232,Zx,31,Zv,0.6,False,True,Zv,0.523,False,0.37
PN3_SID233,Zx,25,Zx,0.902,True,True,Zx,1.0,True,0.54
PN3_SID234,Zx,10,Zx,0.568,True,True,Zx,0.827,True,0.509
PN3_SID235,Zx,32,Zv,0.901,False,True,Zx,0.564,True,0.337
PN3_SID237,Zx,7,Zx,0.778,True,True,Zx,0.779,True,0.441
PN3_SID238,Zx,10,Zx,0.989,True,True,Zx,1.0,True,0.475
PN3_SID239,Zx,8,Zx,0.862,True,True,Zx,0.932,True,0.605
PN3_SID240,Zx,12,Zx,0.685,True,True,Zx,0.823,True,0.605
PN3_SID241,Zx,11,Zx,0.952,True,True,Zx,1.0,True,0.494
PN3_SID242,Zx,25,Zx,0.667,True,True,Zx,0.901,True,0.547
PN3_SID243,Zx,10,Zx,0.92,True,True,Zx,1.0,True,0.533
PN3_SID244,Zx,2,Zx,0.792,True,True,Zx,1.0,True,0.445
PN3_SID245,Zx,3,Zv,0.779,False,True,Zx,1.0,True,0.504
PN3_SID246,Zx,10,Zx,0.946,True,True,Zx,1.0,True,0.519
PN3_SID247,Zx,10,Zx,0.93,True,True,Zx,1.0,True,0.441
PN3_SID248,Zx,8,Zx,0.633,True,True,Zv,0.847,False,0.562
PN3_SID249,Zx,4,Zx,0.959,True,True,Zx,1.0,True,0.452
PN3_SID250,Zx,9,Zx,0.908,True,True,Zx,0.984,True,0.562
PN3_SID251,Zx,7,Zx,0.994,True,True,Zx,0.991,True,0.523
PN3_SID252,Zx,9,Zx,0.914,True,True,Zx,1.0,True,0.386
PN3_SID253,Zx,18,Zx,0.912,True,True,Zx,1.0,True,0.502
PN3_SID254,Zx,21,Zx,0.724,True,True,Zx,0.932,True,0.574
PN3_SID256,Zx,3,Zx,1.0,True,True,Zx,1.0,True,0.481
PN3_SID257,Zx,23,Zx,0.921,True,True,Zx,0.933,True,0.559
PN3_SID258,Zx,14,Zx,0.835,True,True,Zx,0.971,True,0.525
PN3_SID259,Zx,7,Zx,0.566,True,True,Zx,1.0,True,0.324
PN3_SID260,Zx,21,Zx,0.839,True,True,Zx,0.96,True,0.596
PN3_SID261,Zx,13,Zx,0.975,True,True,Zx,1.0,True,0.54
PN3_SID262,Zx,9,Zx,1.0,True,True,Zx,1.0,True,0.495
PN3_SID263,Zx,8,Zx,0.878,True,True,Zx,0.965,True,0.62
PN3_SID264,Zx,7,Zx,0.543,True,True,Zx,0.798,True,0.494
PN3_SID265,Zx,20,Zx,0.87,True,True,Zx,0.933,True,0.527
PN3_SID266,Zx,12,Zx,0.912,True,True,Zx,0.916,True,0.56
PN3_SID267,Zx,10,Zx,0.851,True,True,Zx,0.927,True,0.58
PN3_SID268,Zx,24,Zx,0.864,True,True,Zx,0.899,True,0.547
PN3_SID269,Zx,5,Zx,0.909,True,True,Zx,1.0,True,0.428
PN3_SID270,Zx,5,Zx,0.97,True,True,Zx,0.966,True,0.565
PN3_SID271,Zx,20,Zx,0.802,True,True,Zx,0.889,True,0.51
PN3_SID272,Zx,7,Zx,0.899,True,True,Zx,1.0,True,0.446
PN3_SID273,Zx,12,Zx,0.784,True,True,Zx,0.851,True,0.635
PN3_SID274,Zx,12,Zx,0.87,True,True,Zx,0.983,True,0.471
PN3_SID275,Zx,8,Zx,0.712,True,True,Zx,0.779,True,0.584
PN3_SID276,Zx,7,Zx,0.916,True,False,,0.0,,0.435
PN3_SID277,Zx,10,Zx,0.585,True,True,Zx,1.0,True,0.405
PN3_SID278,Zx,27,Zx,0.807,True,True,Zx,0.862,True,0.546
PN3_SID279,Zx,17,Zx,0.742,True,True,Zx,0.65,True,0.484
PN3_SID280,Zx,16,Zx,0.602,True,True,Zv,0.67,False,0.488
PN3_SID281,Zx,13,Zx,0.75,True,True,Zv,0.545,False,0.457
PN3_SID282,Zx,10,Zx,0.766,True,True,Zx,0.705,True,0.531
PN3_SID283,Zx,13,Zx,0.927,True,True,Zx,1.0,True,0.502
PN3_SID284,Zx,11,Zx,0.958,True,True,Zx,1.0,True,0.411
PN3_SID286,Zx,5,Zx,0.501,True,True,Zx,0.593,True,0.513
PN3_SID287,Zx,5,Zx,1.0,True,True,Zx,1.0,True,0.42
PN3_SID288,Zx,15,Zx,0.889,True,True,Zx,0.861,True,0.523
PN4_SID289,Zx,10,Zx,0.95,True,True,Zx,1.0,True,0.535
PN4_SID290,Zx,14,Zx,0.87,True,True,Zx,0.967,True,0.495
PN4_SID291,Zx,3,Zx,1.0,True,True,Zx,1.0,True,0.752
PN4_SID292,Zx,4,Zx,1.0,True,True,Zx,1.0,True,0.442
PN4_SID293,Zx,7,Zx,1.0,True,True,Zx,1.0,True,0.612
PN4_SID295,Zx,8,Zx,0.949,True,True,Zx,1.0,True,0.508
PN4_SID296,Zx,24,Zx,0.922,True,True,Zx,0.952,True,0.532
PN4_SID297,Zx,17,Zx,0.971,True,True,Zx,0.945,True,0.478
PN4_SID298,Zx,10,Zx,0.905,True,True,Zx,0.873,True,0.45
PN4_SID299,Zx,29,Zx,0.787,True,True,Zx,0.957,True,0.555
PN4_SID300,Zx,13,Zx,0.865,True,True,Zx,1.0,True,0.505
PN4_SID301,Zx,1,Zx,1.0,True,True,Zx,1.0,True,0.435
PN4_SID302,Zx,19,Zx,0.969,True,True,Zx,0.95,True,0.493
PN4_SID303,Zx,8,Zx,0.755,True,True,Zv,1.0,False,0.339
PN4_SID304,Zx,6,Zx,0.816,True,True,Zx,0.584,True,0.424
PN4_SID305,Zx,19,Zx,0.761,True,True,Zx,0.666,True,0.515
PN4_SID306,Zx,7,Zx,0.841,True,True,Zx,0.96,True,0.574
PN4_SID307,Zx,7,Zx,0.929,True,True,Zx,1.0,True,0.453
PN4_SID308,Zx,8,Zx,0.986,True,True,Zx,1.0,True,0.46
PN4_SID309,Zx,9,Zx,0.893,True,True,Zx,1.0,True,0.582
PN4_SID310,Zx,9,Zx,0.987,True,True,Zx,1.0,True,0.443
PN4_SID311,Zx,1,Zx,1.0,True,True,Zx,1.0,True,0.478
PN4_SID312,Zx,1,Zx,1.0,True,True,Zx,1.0,True,0.571
PN4_SID313,Zx,4,Zx,1.0,True,True,Zx,1.0,True,0.531
PN4_SID314,Zx,5,Zx,1.0,True,True,Zx,1.0,True,0.527
PN4_SID315,Zx,11,Zx,0.975,True,True,Zx,0.975,True,0.581
PN4_SID316,Zx,20,Zx,0.946,True,True,Zx,1.0,True,0.552
PN4_SID317,Zx,1,Zv,1.0,False,True,Zv,1.0,False,0.417
PN4_SID318,Zx,5,Zx,0.734,True,True,Zx,1.0,True,0.45
PN4_SID319,Zx,14,Zx,0.857,True,True,Zx,0.882,True,0.476
PN4_SID320,Zx,7,Zx,1.0,True,True,Zx,1.0,True,0.475
PN4_SID321,Zx,5,Zx,0.86,True,True,Zx,1.0,True,0.503
PN4_SID322,Zx,10,Zx,1.0,True,True,Zx,1.0,True,0.433
PN4_SID323,Zx,19,Zx,0.814,True,True,Zx,0.942,True,0.529
PN4_SID324,Zx,21,Zx,0.971,True,True,Zx,0.972,True,0.539
PN4_SID325,Zx,2,Zx,0.807,True,False,,0.0,,0.618
PN4_SID327,Zx,5,Zv,0.419,False,True,Zx,1.0,True,0.508
PN4_SID328,Zx,12,Zx,0.817,True,True,Zx,0.899,True,0.575
PN4_SID329,Zx,6,Zx,0.774,True,True,Zx,0.816,True,0.43
PN4_SID330,Zx,8,Zx,0.729,True,True,Zx,0.868,True,0.59
PN4_SID331,Zx,9,Zx,0.964,True,True,Zx,0.981,True,0.53
PN4_SID332,Zx,3,Zx,0.849,True,False,,0.0,,0.495
PN4_SID333,Zx,5,Zx,1.0,True,True,Zx,1.0,True,0.519
PN4_SID336,Zx,9,Zx,0.978,True,True,Zx,1.0,True,0.509
PN4_SID337,Zx,5,Zx,0.806,True,True,Zx,0.711,True,0.552
PN4_SID338,Zx,25,Zx,0.959,True,True,Zx,0.969,True,0.524
PN4_SID339,Zx,12,Zx,0.927,True,True,Zx,1.0,True,0.486
PN4_SID340,Zx,12,Zx,0.893,True,True,Zx,1.0,True,0.448
PN4_SID341,Zx,13,Zx,0.6,True,True,Zx,0.796,True,0.473
PN4_SID342,Zx,16,Zx,0.701,True,True,Zx,0.575,True,0.546
PN4_SID343,Zx,5,Zx,0.915,True,True,Zx,0.954,True,0.459
PN4_SID344,Zx,5,Zx,0.901,True,True,Zx,1.0,True,0.53
PN4_SID345,Zx,13,Zx,0.924,True,True,Zx,0.656,True,0.447
PN4_SID346,Zx,13,Zx,0.746,True,True,Zx,0.595,True,0.512
PN4_SID347,Zx,12,Zx,0.548,True,True,Zx,0.539,True,0.495
PN4_SID348,Zx,11,Zx,0.84,True,True,Zx,0.894,True,0.444
PN4_SID349,Zx,20,Zx,0.946,True,True,Zx,1.0,True,0.577
PN4_SID350,Zx,13,Zx,0.878,True,True,Zx,0.856,True,0.516
PN4_SID351,Zx,9,Zx,0.865,True,True,Zx,0.97,True,0.446
PN4_SID352,Zx,34,Zx,0.754,True,True,Zx,0.756,True,0.535
PN4_SID353,Zx,18,Zx,0.721,True,True,Zv,1.0,False,0.391
PN4_SID354,Zx,11,Zx,0.82,True,True,Zx,1.0,True,0.492
PN4_SID355,Zx,3,Zx,0.768,True,False,,0.0,,0.241
PN4_SID356,Zx,11,Zx,0.391,True,True,Zx,0.38,True,0.532
PN4_SID357,Zx,6,Zx,1.0,True,True,Zx,1.0,True,0.459
PN4_SID358,Zx,9,Zx,0.952,True,True,Zx,1.0,True,0.543
PN4_SID359,Zx,7,Zx,0.844,True,True,Zx,0.967,True,0.431
PN4_SID360,Zx,8,Zx,0.919,True,True,Zx,0.957,True,0.533
PN4_SID361,Zx,13,Zx,0.717,True,True,Zx,1.0,True,0.515
PN4_SID362,Zx,8,Zx,0.648,True,True,Zx,1.0,True,0.463
PN4_SID363,Zx,46,Zx,0.614,True,True,Zx,0.772,True,0.496
PN4_SID364,Zx,19,Zx,0.69,True,True,Zx,0.776,True,0.513
PN4_SID365,Zx,4,NA,0.592,False,True,NA,0.634,False,0.399
PN4_SID366,Zx,16,Zx,0.737,True,True,Zx,1.0,True,0.455
PN4_SID367,Zx,10,Zx,0.796,True,True,Zv,1.0,False,0.44
PN4_SID368,Zx,16,Zx,0.698,True,True,Zv,0.585,False,0.462
PN4_SID369,Zx,20,Zx,0.515,True,True,Zx,0.902,True,0.502
PN4_SID370,Zx,18,Zx,0.887,True,True,Zx,0.899,True,0.547
PN4_SID371,Zx,8,NA,0.729,False,True,NA,0.691,False,0.511
PN4_SID372,Zx,22,Zx,0.582,True,True,Zx,0.548,True,0.514
PN4_SID374,Zx,13,Zx,0.911,True,True,Zv,0.519,False,0.456
PN4_SID375,Zx,6,Zv,0.551,False,True,Zx,1.0,True,0.528
PN4_SID376,Zx,7,Zx,0.816,True,True,Zx,1.0,True,0.519
PN4_SID377,Zx,19,Zx,0.823,True,True,Zx,0.88,True,0.509
PN4_SID378,Zx,7,Zx,0.715,True,True,Zv,1.0,False,0.491
PN4_SID379,Zx,23,Zx,0.492,True,True,Zx,0.703,True,0.507
PN4_SID380,Zx,15,Zx,0.69,True,True,Zv,0.724,False,0.494
PN4_SID381,Zx,14,Zx,0.695,True,True,Zx,0.673,True,0.552
PN4_SID382,Zx,14,Zx,0.947,True,True,Zx,0.559,True,0.493
PN4_SID383,Zx,4,Zx,0.966,True,True,Zx,1.0,True,0.61
PN4_SID384,Zx,5,Zx,0.768,True,True,Zx,1.0,True,0.497
PN5_SID385,Zx,11,Zx,0.669,True,True,Zx,1.0,True,0.438
PN5_SID386,Zx,21,Zx,0.661,True,True,Zx,1.0,True,0.502
PN5_SID387,Zx,12,Zx,0.734,True,True,Zx,1.0,True,0.47
PN5_SID388,Zx,8,Zx,0.892,True,True,Zv,0.692,False,0.598
PN5_SID389,Zx,11,Zx,0.88,True,True,NA,0.511,False,0.485
PN5_SID391,Zx,9,Zx,0.682,True,True,Zx,0.838,True,0.483
PN5_SID392,Zx,9,Zx,0.81,True,True,Zx,1.0,True,0.47
PN5_SID393,Zx,13,Zx,0.879,True,True,Zx,0.947,True,0.523
PN5_SID394,Zx,13,Zx,0.757,True,True,Zx,0.755,True,0.495
PN5_SID395,Zx,10,Zx,0.45,True,True,Zx,1.0,True,0.459
PN5_SID396,Zx,12,Zv,0.682,False,True,Zv,0.934,False,0.444
PN5_SID397,Zx,7,Zx,0.749,True,True,Zx,0.509,True,0.541
PN5_SID398,Zx,10,Zx,0.839,True,True,Zx,0.878,True,0.435
PN5_SID399,Zx,10,Zx,0.593,True,True,Zx,0.881,True,0.559
PN5_SID400,Zx,14,Zx,0.693,True,True,Zx,1.0,True,0.525
PN5_SID401,Zx,11,Zx,0.661,True,True,Zv,0.542,False,0.463
PN5_SID402,Zx,10,Zx,0.71,True,True,NA,0.772,False,0.444
PN5_SID403,Zx,17,Zx,0.989,True,True,Zx,1.0,True,0.476
PN5_SID404,Zx,6,Zx,0.955,True,True,Zx,0.966,True,0.581
PN5_SID405,Zx,9,Zv,0.46,False,True,Zv,1.0,False,0.446
PN5_SID406,Zx,15,Zx,0.703,True,True,Zx,0.813,True,0.466
PN5_SID407,Zx,2,Zx,1.0,True,False,,0.0,,0.617
PN5_SID408,Zx,9,Zx,0.76,True,True,Zv,0.839,False,0.624
PN5_SID409,Zx,13,NA,0.599,False,True,Zx,0.497,True,0.53
PN5_SID410,Zx,4,NA,0.612,False,True,Zx,1.0,True,0.467
PN5_SID411,Zx,10,Zx,0.553,True,True,NA,0.506,False,0.466
PN5_SID412,Zx,8,NA,0.656,False,True,NA,0.404,False,0.515
PN5_SID413,Zx,8,NA,0.618,False,True,NA,0.628,False,0.394
PN5_SID414,Zx,3,Zx,0.44,True,True,NA,1.0,False,0.58
PN5_SID415,Zx,16,Zx,0.609,True,True,Zx,0.93,True,0.487
PN5_SID416,Zx,13,Zx,0.59,True,True,Zx,0.797,True,0.489
PN5_SID417,Zx,10,Zx,0.748,True,True,Zx,1.0,True,0.439
PN5_SID418,Zx,3,Zx,0.867,True,True,Zv,1.0,False,0.594
PN5_SID419,Zx,10,Zx,0.596,True,True,Zx,0.508,True,0.491
PN5_SID420,Zx,5,NA,0.95,False,True,NA,0.477,False,0.601
PN5_SID421,Zx,5,NA,0.968,False,True,NA,1.0,False,0.491
PN5_SID422,Zx,13,Zx,0.585,True,True,NA,0.913,False,0.538
PN5_SID423,Zx,4,Zx,0.906,True,False,,0.0,,0.351
PN5_SID424,Zx,6,NA,0.872,False,True,NA,1.0,False,0.445
PN5_SID425,Zx,14,Zx,0.758,True,True,Zx,0.856,True,0.505
PN5_SID426,Zx,7,NA,0.809,False,True,Zx,1.0,True,0.553
PN5_SID427,Zx,12,Zx,0.727,True,True,NA,0.833,False,0.513
PN5_SID428,Zx,24,Zx,0.774,True,True,Zx,0.97,True,0.46
PN5_SID430,Zx,30,Zx,0.451,True,True,Zx,0.581,True,0.486
PN5_SID431,Zx,9,Zx,0.536,True,True,NA,1.0,False,0.531
PN5_SID432,Zx,10,NA,0.843,False,True,NA,0.844,False,0.576
PN5_SID433,Zx,17,Zx,0.504,True,True,NA,0.594,False,0.497
PN5_SID434,Zx,6,Zx,0.545,True,True,NA,0.56,False,0.573
PN5_SID435,Zx,5,NA,0.694,False,True,NA,0.633,False,0.518
PN5_SID436,Zx,18,Zx,0.853,True,True,Zx,0.886,True,0.468
PN5_SID437,Zx,13,Zx,0.432,True,True,Zx,0.679,True,0.518
PN5_SID438,Zx,6,Zx,0.762,True,True,Zx,0.827,True,0.647
PN5_SID439,Zx,8,NA,0.73,False,True,Zx,0.687,True,0.609
PN5_SID440,Zx,5,Zx,1.0,True,True,Zx,1.0,True,0.426
PN5_SID441,Zx,6,Zx,0.784,True,True,Zx,1.0,True,0.5
PN5_SID443,Zx,6,Zx,0.873,True,True,Zx,1.0,True,0.544
PN5_SID444,Zx,10,Zx,0.714,True,True,NA,0.549,False,0.602
PN5_SID446,Zx,9,NA,0.503,False,True,NA,0.645,False,0.469
PN5_SID447,Zx,10,Zx,0.529,True,True,NA,0.811,False,0.626
PN5_SID448,Zx,22,NA,0.475,False,True,NA,0.501,False,0.51
PN5_SID449,Zx,13,NA,0.409,False,True,Zx,0.665,True,0.46
PN5_SID450,Zx,9,NA,0.683,False,True,Zx,0.829,True,0.438
PN5_SID451,Zx,4,Zx,0.879,True,True,Zx,0.775,True,0.668
PN5_SID452,Zx,16,Zx,0.499,True,True,Zx,0.789,True,0.46
PN5_SID453,Zx,11,Zx,0.793,True,True,NA,0.49,False,0.447
PN5_SID454,Zx,8,Zx,0.62,True,True,Zx,0.797,True,0.548
PN5_SID455,Zx,9,NA,0.521,False,True,Zx,1.0,True,0.488
PN5_SID456,Zx,7,NA,0.581,False,True,Zx,0.967,True,0.664
PN5_SID457,Zx,16,NA,0.491,False,True,Zx,0.911,True,0.541
PN5_SID458,Zx,3,Zx,0.853,True,True,Zx,1.0,True,0.686
PN5_SID459,Zx,18,Zx,0.554,True,True,Zx,0.766,True,0.454
PN5_SID460,Zx,20,NA,0.581,False,True,NA,0.771,False,0.489
PN5_SID461,Zx,7,Zx,0.633,True,True,Zx,1.0,True,0.528
PN5_SID462,Zx,9,NA,0.508,False,True,Zx,1.0,True,0.496
PN5_SID463,Zx,9,NA,0.458,False,True,NA,0.717,False,0.458
PN5_SID464,Zx,10,NA,0.809,False,True,NA,0.663,False,0.542
PN5_SID465,Zx,11,Zx,0.492,True,True,NA,1.0,False,0.468
PN5_SID466,Zx,13,Zx,0.515,True,True,NA,0.609,False,0.511
PN5_SID467,Zx,10,NA,0.482,False,True,Zv,1.0,False,0.374
PN5_SID469,Zx,6,Zx,0.45,True,False,,0.0,,0.316
PN5_SID470,Zx,14,NA,0.711,False,True,Zx,0.632,True,0.471
PN5_SID471,Zx,8,NA,0.527,False,True,NA,0.796,False,0.513
PN5_SID472,Zx,10,NA,0.591,False,True,NA,0.826,False,0.511
PN5_SID473,Zx,10,NA,0.654,False,True,Zx,1.0,True,0.561
PN5_SID474,Zx,13,Zx,0.687,True,True,Zx,0.787,True,0.478
PN5_SID475,Zx,26,NA,0.495,False,True,Zx,0.712,True,0.449
PN5_SID476,Zx,6,NA,0.669,False,True,Zx,0.847,True,0.655
PN5_SID477,Zx,11,NA,0.629,False,True,Zx,1.0,True,0.491
PN5_SID479,Zx,10,Zx,0.733,True,True,Zx,0.814,True,0.518
PN5_SID480,Zx,11,Zx,0.652,True,True,NA,0.847,False,0.523
PN6_SID481,Zx,6,NA,0.715,False,True,NA,0.849,False,0.596
PN6_SID482,Zx,9,Zx,0.791,True,True,Zx,1.0,True,0.525
PN6_SID483,Zx,5,Zx,0.793,True,True,Zx,1.0,True,0.565
PN6_SID485,Zx,9,Zx,0.865,True,True,Zv,0.729,False,0.516
PN6_SID486,Zx,13,Zx,0.892,True,True,Zx,0.787,True,0.5
PN6_SID487,Zx,9,NA,0.69,False,True,Zx,0.846,True,0.442
PN6_SID488,Zx,13,NA,0.637,False,True,Zx,0.568,True,0.578
PN6_SID489,Zx,4,NA,0.563,False,True,Zx,1.0,True,0.609
PN6_SID490,Zx,13,Zx,0.64,True,True,Zx,0.959,True,0.505
PN6_SID491,Zx,8,Zx,0.888,True,True,Zx,1.0,True,0.496
PN6_SID492,Zx,6,Zx,0.595,True,True,Zx,0.916,True,0.552
PN6_SID493,Zx,2,Zx,1.0,True,True,Zx,1.0,True,0.669
PN6_SID494,Zx,9,Zx,0.564,True,True,Zx,0.503,True,0.502
PN6_SID495,Zx,2,Zx,1.0,True,True,Zx,1.0,True,0.608
PN6_SID496,Zx,14,Zx,0.525,True,True,Zx,0.51,True,0.498
PN6_SID497,Zx,7,Zx,0.91,True,True,Zx,1.0,True,0.523
PN6_SID498,Zx,1,NA,1.0,False,True,NA,1.0,False,0.8
PN6_SID499,Zx,3,Zx,0.835,True,True,NA,1.0,False,0.48
PN6_SID500,Zx,14,Zx,0.671,True,True,Zx,0.803,True,0.53
PN6_SID501,Zx,4,NA,0.701,False,True,Zx,0.529,True,0.553
PN6_SID502,Zx,8,Zx,0.667,True,True,NA,1.0,False,0.471
PN6_SID503,Zx,20,Zx,0.583,True,True,Zx,0.964,True,0.543
PN6_SID504,Zx,14,NA,0.472,False,True,Zx,0.76,True,0.516
PN6_SID505,Zx,10,NA,0.571,False,True,Zx,0.675,True,0.523
PN6_SID506,Zx,6,NA,0.803,False,True,Zx,0.635,True,0.519
PN6_SID507,Zx,10,NA,0.456,False,True,Zv,1.0,False,0.456
PN6_SID508,Zx,3,Zv,0.532,False,False,,0.0,,0.596
PN6_SID509,Zx,10,NA,0.524,False,True,NA,1.0,False,0.448
PN6_SID510,Zx,4,NA,0.85,False,True,Zx,1.0,True,0.515
PN6_SID511,Zx,5,Zx,0.786,True,True,Zv,0.687,False,0.469
PN6_SID512,Zx,10,Zx,0.636,True,True,NA,0.719,False,0.518
PN6_SID513,Zx,8,Zx,0.634,True,True,Zv,1.0,False,0.568
PN6_SID514,Zx,5,Zx,0.941,True,True,Zx,1.0,True,0.6
PN6_SID515,Zx,15,NA,0.462,False,True,Zx,0.742,True,0.465
PN6_SID516,Zx,11,NA,0.546,False,True,Zv,1.0,False,0.436
PN6_SID517,Zx,7,Zx,0.696,True,True,NA,0.77,False,0.467
PN6_SID518,Zx,1,Zv,1.0,False,False,,0.0,,0.455
PN6_SID519,Zx,7,NA,0.634,False,True,NA,1.0,False,0.437
PN6_SID520,Zx,22,Zv,0.67,False,True,Zv,1.0,False,0.412
PN6_SID521,Zx,11,Zx,0.715,True,True,Zx,0.509,True,0.514
PN6_SID522,Zx,8,Zx,0.76,True,True,Zv,0.867,False,0.572
PN6_SID523,Zd,6,Zd,0.715,True,True,Zh,1.0,False,0.489
PN6_SID524,Zd,6,Zh,0.457,False,True,Zh,0.846,False,0.671
PN6_SID525,Zd,3,Zx,0.671,False,True,Zh,1.0,False,0.551
PN6_SID526,Zd,6,Zh,0.48,False,True,Zh,1.0,False,0.511
PN6_SID527,Zd,5,Zh,0.605,False,True,Zh,0.829,False,0.531
PN6_SID528,Zd,9,Zh,0.684,False,True,Zh,0.771,False,0.624
PN6_SID529,Zd,5,Zh,0.661,False,True,Zx,1.0,False,0.564
PN6_SID531,Zd,11,Zh,0.675,False,True,Zh,1.0,False,0.609
PN6_SID532,Zd,4,Zv,0.447,False,True,Zv,1.0,False,0.485
PN6_SID533,Zd,5,Zh,0.81,False,True,Zd,0.679,True,0.408
PN6_SID534,Zd,3,Zd,0.576,True,False,,0.0,,0.53
PN6_SID535,Zd,2,Zh,1.0,False,True,Zh,1.0,False,0.554
PN6_SID536,Zd,3,Zd,0.941,True,False,,0.0,,0.349
PN6_SID537,Zd,7,Zl,0.549,False,True,Zh,0.778,False,0.672
PN6_SID538,Zd,8,Zh,0.639,False,True,Zh,1.0,False,0.543
PN6_SID539,Zd,5,Zl,0.862,False,True,Zh,1.0,False,0.616
PN6_SID540,Zd,4,Zh,0.924,False,False,,0.0,,0.461
PN6_SID541,Zd,7,Zd,0.896,True,True,Zd,0.686,True,0.464
PN6_SID542,Zd,5,Zd,0.651,True,True,Zh,1.0,False,0.44
PN6_SID543,Zd,4,Zd,0.47,True,True,Zd,0.524,True,0.539
PN6_SID544,Zd,12,Zh,0.661,False,True,Zh,1.0,False,0.555
PN6_SID545,Zd,5,Zd,0.67,True,False,,0.0,,0.543
PN6_SID546,Zd,11,Zh,0.768,False,True,Zh,0.813,False,0.484
PN6_SID547,Zd,8,Zh,0.433,False,True,Zv,0.68,False,0.454
PN6_SID548,Zd,3,Zh,0.581,False,False,,0.0,,0.343
PN6_SID549,Zd,5,Zd,0.899,True,False,,0.0,,0.591
PN6_SID550,Zd,3,Zh,0.906,False,True,Zh,1.0,False,0.613
PN6_SID551,Zd,1,Zh,1.0,False,False,,0.0,,0.258
PN6_SID552,Zd,9,Zh,0.477,False,True,Zh,0.902,False,0.582
PN6_SID553,Zd,11,Zh,0.515,False,True,Zh,0.659,False,0.544
PN6_SID554,Zd,7,Zh,0.583,False,True,Zh,0.739,False,0.517
PN6_SID555,Zd,10,Zh,0.848,False,True,Zh,1.0,False,0.494
PN6_SID556,Zd,5,Zh,0.707,False,True,Zv,1.0,False,0.559
PN6_SID557,Zd,3,Zd,0.656,True,True,Zv,1.0,False,0.371
PN6_SID558,Zd,2,Zh,1.0,False,False,,0.0,,0.54
PN6_SID559,Zd,4,Zh,0.734,False,True,Zl,1.0,False,0.455
PN6_SID560,Zd,3,Zh,0.868,False,True,Zh,1.0,False,0.634
PN6_SID561,Zd,2,Zx,0.651,False,False,,0.0,,0.45
PN6_SID562,Zd,3,Zh,0.531,False,False,,0.0,,0.549
PN6_SID563,Zd,3,Zd,0.896,True,True,Zh,1.0,False,0.717
PN6_SID564,Zd,5,Zd,0.509,True,True,Zh,1.0,False,0.546
PN6_SID565,Zd,4,Zh,0.888,False,False,,0.0,,0.557
PN6_SID566,Zd,5,Zh,0.503,False,True,Zh,0.453,False,0.656
PN6_SID567,Zd,8,Zh,0.708,False,True,Zx,0.552,False,0.611
PN6_SID568,Zd,3,Zh,0.927,False,False,,0.0,,0.294
PN6_SID569,Zd,4,Zd,0.481,True,True,Zd,1.0,True,0.621
PN6_SID570,Zd,2,Zh,0.718,False,False,,0.0,,0.661
PN6_SID571,Zd,4,Zh,0.634,False,True,Zh,1.0,False,0.521
PN6_SID572,Zd,2,Zh,0.793,False,True,Zh,1.0,False,0.649
PN6_SID573,Zd,5,Zh,0.754,False,True,Zh,1.0,False,0.607
PN6_SID574,Zd,5,Zh,0.756,False,True,Zh,0.606,False,0.529
PN6_SID575,Zd,3,Zd,0.585,True,False,,0.0,,0.51
PN7_SID577,Zd,4,Zh,1.0,False,True,Zh,1.0,False,0.529
PN7_SID578,Zd,7,Zh,0.824,False,True,Zh,1.0,False,0.475
PN7_SID579,Zd,3,Zd,0.914,True,True,Zh,1.0,False,0.485
PN7_SID580,Zd,5,Zh,0.513,False,True,Zh,1.0,False,0.623
PN7_SID581,Zd,4,Zh,0.982,False,True,Zh,1.0,False,0.548
PN7_SID584,Zd,10,Zl,0.571,False,True,Zh,1.0,False,0.456
PN7_SID585,Zd,12,Zh,0.497,False,True,Zh,0.582,False,0.477
PN7_SID586,Zd,7,Zh,0.58,False,True,Zh,1.0,False,0.598
PN7_SID587,Zd,8,Zl,0.821,False,True,Zh,1.0,False,0.645
PN7_SID588,Zd,8,Zh,0.669,False,True,Zh,1.0,False,0.575
PN7_SID589,Zd,9,Zh,0.886,False,True,Zh,1.0,False,0.494
PN7_SID590,Zd,29,Zx,0.79,False,True,Zx,0.568,False,0.533
PN7_SID591,Zd,10,Zx,0.435,False,True,Zx,0.463,False,0.611
PN7_SID592,Zd,13,Zx,0.96,False,True,Zx,0.916,False,0.628
PN7_SID593,Zd,9,Zx,0.904,False,True,Zx,0.917,False,0.537
PN7_SID594,Zd,14,Zx,0.767,False,True,Zx,1.0,False,0.57
PN7_SID595,Zd,7,Zd,0.537,True,False,,0.0,,0.283
PN7_SID596,Zd,3,Zd,0.805,True,True,Zh,1.0,False,0.353
PN7_SID598,Zd,4,Zh,0.392,False,True,Zd,0.504,True,0.731
PN7_SID599,Zd,8,Zd,0.688,True,True,Zh,1.0,False,0.547
PN7_SID601,Zd,7,Zh,0.546,False,True,Zn,1.0,False,0.549
PN7_SID602,Zd,6,Zh,0.549,False,True,Zh,1.0,False,0.577
PN7_SID603,Zd,3,Zh,0.888,False,True,Zh,1.0,False,0.503
PN7_SID604,Zd,19,Zh,0.621,False,True,Zh,0.63,False,0.569
PN7_SID605,Zd,6,Zl,0.613,False,True,Zh,0.332,False,0.734
PN7_SID606,Zd,6,Zd,0.726,True,True,Zh,0.858,False,0.587
PN7_SID607,Zd,11,Zh,0.558,False,True,Zh,0.861,False,0.61
PN7_SID608,Zd,10,Zl,0.582,False,True,Zh,1.0,False,0.311
PN7_SID609,Zd,0,,0.0,,False,,0.0,,0.0
PN7_SID610,Zd,9,Zd,0.814,True,True,Zd,0.943,True,0.591
PN7_SID611,Zd,10,Zd,0.383,True,True,Zv,1.0,False,0.375
PN7_SID612,Zd,4,Zh,0.472,False,True,Zh,1.0,False,0.668
PN7_SID613,Zd,4,Zh,0.967,False,True,Zh,1.0,False,0.616
PN7_SID614,Zd,6,Zh,0.909,False,True,Zx,0.557,False,0.478
PN7_SID615,Zd,15,Zh,0.729,False,True,Zh,0.874,False,0.607
PN7_SID616,Zd,7,Zd,0.663,True,True,Zd,1.0,True,0.545
PN7_SID617,Zd,8,Zh,0.611,False,True,Zv,1.0,False,0.556
PN7_SID618,Zd,6,Zh,0.572,False,True,Zh,0.808,False,0.544
PN7_SID619,Zd,7,Zh,0.448,False,False,,0.0,,0.47
PN7_SID620,Zd,3,Zd,0.607,True,True,Zh,1.0,False,0.683
PN7_SID621,Zd,6,Zd,0.497,True,True,Zh,1.0,False,0.505
PN7_SID622,Zd,4,Zh,0.959,False,False,,0.0,,0.357
PN7_SID623,Zd,4,Zh,0.514,False,True,Zh,1.0,False,0.59
PN7_SID624,Zd,12,Zh,0.716,False,True,Zh,0.7,False,0.513
PN7_SID625,Zd,5,Zh,1.0,False,True,Zh,1.0,False,0.606
PN7_SID626,Zd,11,Zh,0.332,False,True,Zh,1.0,False,0.404
PN7_SID627,Zd,3,Zl,0.767,False,True,Zl,0.875,False,0.726
PN7_SID628,Zd,15,Zh,0.696,False,True,Zh,0.663,False,0.531
PN7_SID629,Zd,5,Zh,0.914,False,True,Zh,1.0,False,0.556
PN7_SID630,Zx,18,Zx,0.938,True,True,Zx,0.873,True,0.467
PN7_SID631,Zx,9,Zx,0.922,True,True,Zx,0.891,True,0.485
PN7_SID632,Zx,14,Zx,0.78,True,True,Zx,0.918,True,0.545
PN7_SID633,Zx,3,Zx,1.0,True,True,Zx,1.0,True,0.599
PN7_SID634,Zx,11,Zx,0.968,True,True,Zx,0.971,True,0.602
PN7_SID635,Zx,7,Zx,0.881,True,True,Zx,1.0,True,0.408
PN7_SID636,Zx,10,Zx,0.852,True,True,Zx,0.943,True,0.614
PN7_SID637,Zx,3,Zh,1.0,False,False,,0.0,,0.619
PN7_SID639,Zx,20,Zx,0.92,True,True,Zx,0.975,True,0.598
PN7_SID640,Zx,25,Zx,0.815,True,True,Zx,0.919,True,0.583
PN7_SID641,Zx,13,Zx,0.966,True,True,Zx,0.949,True,0.62
PN7_SID642,Zx,15,Zx,0.946,True,True,Zx,0.947,True,0.658
PN7_SID643,Zx,10,Zx,0.666,True,True,Zx,1.0,True,0.536
PN7_SID644,Zx,4,Zx,0.654,True,True,Zx,1.0,True,0.507
PN7_SID645,Zx,12,Zx,0.865,True,True,Zx,0.959,True,0.537
PN7_SID646,Zx,6,Zx,0.783,True,False,,0.0,,0.395
PN7_SID647,Zx,9,Zx,0.928,True,True,Zx,1.0,True,0.521
PN7_SID648,Zx,13,Zx,0.755,True,True,Zx,1.0,True,0.432
PN7_SID650,Zx,5,Zx,0.93,True,True,Zx,1.0,True,0.44
PN7_SID651,Zx,5,Zx,0.567,True,True,Zx,1.0,True,0.468
PN7_SID652,Zx,6,Zx,0.953,True,True,Zx,0.897,True,0.628
PN7_SID653,Zx,17,Zx,0.949,True,True,Zx,0.983,True,0.55
PN7_SID654,Zx,5,NA,0.504,False,True,NA,0.534,False,0.482
PN7_SID655,Zx,11,Zx,0.669,True,True,Zx,0.946,True,0.554
PN7_SID656,Zx,8,Zx,0.924,True,True,Zx,0.574,True,0.531
PN7_SID657,Zx,18,Zx,0.777,True,True,Zx,0.775,True,0.542
PN7_SID658,Zx,11,Zx,0.898,True,True,Zx,0.847,True,0.577
PN7_SID659,Zx,17,Zx,0.681,True,True,Zx,0.733,True,0.565
PN7_SID660,Zx,24,Zx,0.867,True,True,Zx,0.952,True,0.479
PN7_SID661,Zx,18,Zx,0.825,True,True,Zx,0.868,True,0.616
PN7_SID662,Zx,11,Zx,0.993,True,True,Zx,1.0,True,0.521
PN7_SID663,Zx,6,Zx,0.765,True,True,Zx,1.0,True,0.485
PN7_SID664,Zx,12,Zx,0.976,True,True,Zx,1.0,True,0.556
PN7_SID665,Zx,11,Zx,0.91,True,True,Zx,0.995,True,0.598
PN7_SID666,Zx,17,Zx,0.9,True,True,Zx,0.966,True,0.569
PN7_SID667,Zx,7,Zx,0.917,True,True,Zx,1.0,True,0.466
PN7_SID668,Zx,1,Zx,1.0,True,True,Zx,1.0,True,0.806
PN7_SID669,Zx,18,Zx,0.731,True,True,Zx,1.0,True,0.555
PN7_SID670,Zx,17,Zx,0.897,True,True,Zv,0.476,False,0.511
PN7_SID671,Zx,7,Zx,0.736,True,True,Zx,1.0,True,0.55
PN7_SID672,Zx,22,Zx,0.869,True,True,Zx,0.97,True,0.573
PN8_SID673,Zx,5,Zx,0.939,True,True,Zx,1.0,True,0.5
PN8_SID674,Zx,12,Zx,0.91,True,True,Zx,0.984,True,0.497
PN8_SID675,Zx,14,Zx,0.923,True,True,Zx,0.968,True,0.476
PN8_SID676,Zx,2,Zv,0.634,False,False,,0.0,,0.533
PN8_SID677,Zx,12,Zx,0.676,True,True,Zx,1.0,True,0.507
PN8_SID679,Zx,14,Zx,0.643,True,True,Zx,1.0,True,0.385
PN8_SID680,Zx,24,Zv,0.546,False,True,Zv,0.668,False,0.433
PN8_SID681,Zx,8,Zx,0.752,True,True,Zx,1.0,True,0.478
PN8_SID682,Zx,3,Zx,0.811,True,True,Zx,0.811,True,0.505
PN8_SID683,Zx,11,Zx,0.581,True,True,Zx,0.918,True,0.535
PN8_SID684,Zx,8,Zx,0.661,True,True,Zx,0.95,True,0.577
PN8_SID685,Zx,7,Zx,0.55,True,True,Zx,0.773,True,0.439
PN8_SID686,Zx,11,Zx,0.779,True,True,Zx,0.893,True,0.534
PN8_SID687,Zx,5,Zx,0.473,True,True,Zx,1.0,True,0.497
PN8_SID688,Zx,11,Zx,0.909,True,True,Zx,0.94,True,0.604
PN8_SID689,Zx,4,Zx,0.781,True,True,NA,1.0,False,0.371
PN8_SID690,Zx,2,Zx,0.788,True,True,Zx,1.0,True,0.632
PN8_SID691,Zx,5,Zx,0.793,True,True,Zx,0.825,True,0.633
PN8_SID692,Zx,8,Zx,0.961,True,True,Zx,0.975,True,0.657
PN8_SID694,Zx,12,Zx,0.991,True,True,Zx,1.0,True,0.57
PN8_SID695,Zx,11,Zx,0.885,True,True,Zx,0.924,True,0.529
PN8_SID696,Zx,10,Zx,0.852,True,True,Zx,1.0,True,0.525
PN8_SID697,Zx,1,Zv,1.0,False,True,Zv,1.0,False,0.812
PN8_SID698,Zx,10,Zx,0.856,True,True,Zx,0.974,True,0.528
PN8_SID699,Zx,17,Zx,0.947,True,True,Zx,0.989,True,0.509
PN8_SID700,Zx,11,Zx,0.729,True,True,Zx,0.806,True,0.524
PN8_SID701,Zx,10,Zx,0.756,True,True,Zx,0.917,True,0.482
PN8_SID702,Zx,14,Zx,0.918,True,True,Zx,0.965,True,0.514
PN8_SID703,Zx,3,Zv,0.504,False,True,Zv,1.0,False,0.452
PN8_SID704,Zx,2,Zx,1.0,True,True,Zx,1.0,True,0.531
PN8_SID705,Zx,5,Zx,0.686,True,True,Zx,1.0,True,0.582
PN8_SID706,Zx,8,Zx,0.627,True,True,Zx,1.0,True,0.471
PN8_SID707,Zx,9,Zx,0.923,True,True,Zx,0.989,True,0.522
PN8_SID708,Zx,13,Zx,0.877,True,True,Zx,0.857,True,0.483
PN8_SID709,Zx,17,Zx,0.908,True,True,Zx,0.971,True,0.538
PN8_SID710,Zx,8,Zx,0.974,True,True,Zx,1.0,True,0.48
PN8_SID711,Zx,22,Zx,0.868,True,True,Zx,0.955,True,0.523
PN8_SID712,Zx,4,Zx,1.0,True,True,Zx,1.0,True,0.413
PN8_SID713,Zx,18,Zx,0.923,True,True,Zx,0.902,True,0.585
PN8_SID714,Zx,16,Zx,0.814,True,True,Zx,0.679,True,0.517
PN8_SID715,Zx,5,Zx,0.618,True,True,Zx,1.0,True,0.518
PN8_SID716,Zx,9,Zx,0.534,True,True,Zx,0.934,True,0.502
PN8_SID717,Zx,4,Zx,0.9,True,True,Zx,1.0,True,0.527
PN8_SID718,Zx,3,NA,0.793,False,True,NA,1.0,False,0.631
PN8_SID719,Zx,11,Zx,0.698,True,True,Zx,1.0,True,0.441
PN8_SID720,Zx,14,Zx,0.905,True,True,Zx,0.908,True,0.463
PN8_SID721,Zx,9,Zx,0.899,True,True,Zx,0.895,True,0.497
PN8_SID722,Zx,18,Zx,0.939,True,True,Zx,0.935,True,0.656
PN8_SID723,Zx,8,Zx,0.633,True,True,Zx,1.0,True,0.491
PN8_SID724,Zx,10,Zx,0.778,True,True,Zx,0.923,True,0.475
PN8_SID725,Zx,26,Zx,0.695,True,True,Zx,0.867,True,0.501
PN8_SID726,Zx,17,Zx,0.828,True,True,Zx,0.965,True,0.499
PN8_SID727,Zx,15,Zx,0.927,True,True,Zx,1.0,True,0.591
PN8_SID728,Zx,11,Zx,0.798,True,True,Zx,0.934,True,0.542
PN8_SID729,Zx,8,Zx,0.943,True,True,Zx,0.97,True,0.588
PN8_SID730,Zx,11,Zx,0.94,True,True,Zx,0.928,True,0.493
PN8_SID731,Zx,14,Zx,0.639,True,True,Zx,0.98,True,0.493
PN8_SID733,Zx,12,Zx,0.476,True,True,Zx,0.751,True,0.513
PN8_SID734,Zx,19,Zx,0.874,True,True,Zx,1.0,True,0.602
PN8_SID735,Zx,16,Zx,0.889,True,True,Zx,1.0,True,0.597
PN8_SID736,Zx,1,Zl,1.0,False,False,,0.0,,0.222
PN8_SID737,Zx,13,Zx,0.698,True,True,Zx,0.75,True,0.572
PN8_SID738,Zx,8,Zx,0.866,True,True,Zx,1.0,True,0.595
PN8_SID740,Zx,28,Zx,0.752,True,True,Zx,0.964,True,0.572
PN8_SID741,Zx,28,Zx,0.752,True,True,Zx,0.863,True,0.559
PN8_SID742,Zx,15,Zx,0.92,True,True,Zx,0.89,True,0.503
PN8_SID743,Zx,22,Zx,0.763,True,True,Zx,0.946,True,0.52
PN8_SID744,Zx,11,Zx,0.704,True,True,Zx,0.66,True,0.486
PN8_SID745,Zx,13,Zv,0.365,False,True,Zx,0.554,True,0.553
PN8_SID746,Zx,2,Zv,1.0,False,False,,0.0,,0.482
PN8_SID747,Zx,8,NA,0.574,False,True,NA,0.77,False,0.513
PN8_SID748,Zx,3,Zx,1.0,True,False,,0.0,,0.407
PN8_SID749,Zx,5,Zx,1.0,True,True,Zx,1.0,True,0.632
PN8_SID750,Zx,7,Zv,0.315,False,True,Zx,0.511,True,0.587
PN8_SID752,Zx,14,Zx,0.538,True,True,Zx,0.872,True,0.525
PN8_SID753,Zx,14,Zx,0.69,True,True,Zx,1.0,True,0.423
PN8_SID754,Zx,14,Zx,0.879,True,True,Zx,1.0,True,0.508
PN8_SID755,Zx,9,Zx,0.932,True,True,Zx,0.942,True,0.49
PN8_SID756,Zx,8,Zx,0.941,True,True,Zx,0.947,True,0.502
PN8_SID757,Zx,20,Zx,0.863,True,True,Zx,0.917,True,0.465
PN8_SID758,Zx,3,Zx,1.0,True,True,Zx,1.0,True,0.609
PN8_SID759,Zx,8,Zx,0.911,True,True,Zx,0.847,True,0.544
PN8_SID760,Zx,22,Zx,0.724,True,True,Zx,0.923,True,0.524
PN8_SID761,Zx,10,Zx,0.969,True,True,Zx,0.891,True,0.542
PN8_SID762,Zx,6,Zx,1.0,True,True,Zx,1.0,True,0.467
PN8_SID763,Zx,11,Zx,0.85,True,True,Zx,0.909,True,0.556
PN8_SID764,Zx,9,Zx,0.945,True,True,Zx,0.947,True,0.569
PN8_SID765,Zx,20,Zx,0.681,True,True,Zx,0.801,True,0.514
PN8_SID766,Zx,8,Zx,0.896,True,True,Zx,0.897,True,0.458
PN8_SID767,Zx,8,Zx,1.0,True,True,Zx,1.0,True,0.521
PN8_SID768,Zx,8,Zx,0.629,True,True,Zx,0.616,True,0.676
PN9_SID769,Zx,6,Zx,0.913,True,True,Zx,1.0,True,0.436
PN9_SID770,Zx,10,Zx,0.757,True,True,Zx,0.702,True,0.594
PN9_SID771,Zx,12,Zx,0.718,True,True,Zx,0.669,True,0.584
PN9_SID772,Zx,8,Zx,0.941,True,True,Zx,1.0,True,0.576
PN9_SID773,Zx,4,Zx,0.933,True,True,Zx,1.0,True,0.602
PN9_SID774,Zx,7,Zx,0.96,True,True,Zx,1.0,True,0.484
PN9_SID775,Zx,5,Zx,1.0,True,True,Zx,1.0,True,0.475
PN9_SID776,Zx,5,Zx,0.84,True,True,Zx,1.0,True,0.555
PN9_SID777,Zx,8,Zx,0.911,True,True,Zx,1.0,True,0.473
PN9_SID778,Zx,14,Zx,0.871,True,True,Zx,1.0,True,0.445
PN9_SID779,Zl,5,Zn,0.822,False,False,,0.0,,0.548
PN9_SID780,Zl,1,Zn,1.0,False,False,,0.0,,0.741
PN9_SID781,Zl,12,Zl,0.579,True,True,Zn,1.0,False,0.599
PN9_SID782,Zl,5,Zn,0.892,False,False,,0.0,,0.46
PN9_SID783,Zl,12,Zn,0.423,False,True,Zl,0.504,True,0.495
PN9_SID784,Zl,8,Zl,0.543,True,False,,0.0,,0.639
PN9_SID785,Zl,6,Zn,0.786,False,False,,0.0,,0.549
PN9_SID786,Zl,3,Zl,0.591,True,False,,0.0,,0.486
PN9_SID787,Zl,11,Zl,0.482,True,True,Zv,0.787,False,0.461
PN9_SID788,Zl,8,Zv,0.456,False,True,Zv,0.82,False,0.415
PN9_SID789,Zl,5,Zn,0.728,False,True,Zl,1.0,True,0.529
PN9_SID790,Zl,5,Zn,0.537,False,True,Zn,1.0,False,0.491
PN9_SID792,Zl,9,Zl,0.615,True,True,Zn,0.579,False,0.535
PN9_SID793,Zl,7,Zn,0.762,False,True,Zn,1.0,False,0.548
PN9_SID794,Zl,6,Zl,0.858,True,True,Zl,1.0,True,0.558
PN9_SID795,Zl,5,Zn,0.937,False,True,Zn,0.509,False,0.535
PN9_SID796,Zl,4,Zl,0.585,True,True,Zl,1.0,True,0.709
PN9_SID797,Zl,2,Zl,0.733,True,False,,0.0,,0.553
PN9_SID798,Zl,8,Zl,0.848,True,True,Zl,1.0,True,0.581
PN9_SID799,Zl,5,Zn,0.867,False,True,Zn,1.0,False,0.496
PN9_SID800,Zl,11,Zl,0.626,True,True,Zn,1.0,False,0.576
PN9_SID801,Zl,9,Zl,0.849,True,False,,0.0,,0.598
PN9_SID802,Zl,10,Zn,0.597,False,True,Zl,0.513,True,0.522
PN9_SID803,Zl,10,Zn,0.778,False,True,Zn,1.0,False,0.581
PN9_SID804,Zh,7,Zv,0.726,False,True,Zv,0.665,False,0.511
PN9_SID805,Zh,4,Zv,0.559,False,True,Zn,1.0,False,0.477
PN9_SID806,Zh,3,Zx,0.744,False,False,,0.0,,0.419
PN9_SID807,Zh,13,Zv,0.719,False,True,Zv,0.593,False,0.481
PN9_SID808,Zh,11,NA,0.496,False,True,Zx,1.0,False,0.603
PN9_SID809,Zh,9,Zv,0.664,False,True,Zv,0.856,False,0.535
PN9_SID810,Zh,3,Zx,0.546,False,True,Zx,0.546,False,0.56
PN9_SID811,Zh,10,Zx,0.549,False,True,Zx,0.783,False,0.428
PN9_SID812,Zh,7,Zv,0.559,False,True,Zv,0.528,False,0.441
PN9_SID813,Zh,1,Zx,1.0,False,False,,0.0,,0.471
PN9_SID814,Zh,10,Zv,0.822,False,True,Zv,0.591,False,0.435
PN9_SID815,Zh,11,Zx,0.451,False,True,Zx,0.727,False,0.459
PN9_SID816,Zh,9,Zx,0.578,False,True,Zv,0.694,False,0.442
PN9_SID817,Zh,4,Zv,0.602,False,True,Zv,1.0,False,0.608
PN9_SID818,Zh,6,NA,0.456,False,True,Zv,1.0,False,0.53
PN9_SID819,Zh,10,Zv,0.625,False,True,Zv,1.0,False,0.421
PN9_SID820,Zh,7,NA,0.531,False,True,Zx,1.0,False,0.512
PN9_SID821,Zh,8,Zx,0.605,False,True,Zx,1.0,False,0.425
PN9_SID822,Zh,3,Zl,0.683,False,False,,0.0,,0.347
PN9_SID823,Zh,5,Zx,0.385,False,True,Zx,0.698,False,0.467
PN9_SID824,Zh,6,Zx,0.278,False,True,Zn,1.0,False,0.583
PN9_SID826,Zh,7,Zv,0.788,False,False,,0.0,,0.437
PN9_SID827,Zh,14,Zv,0.446,False,True,Zx,0.515,False,0.491
PN9_SID828,Zh,15,Zv,0.594,False,True,Zv,0.842,False,0.477
PN9_SID829,Zh,3,Zv,0.746,False,True,Zx,1.0,False,0.44
PN9_SID830,Zh,8,NA,0.404,False,False,,0.0,,0.493
PN9_SID831,Zh,9,Zh,0.779,True,True,Zx,1.0,False,0.555
PN9_SID832,Zh,12,Zv,0.414,False,True,Zx,0.492,False,0.489
PN9_SID833,Zh,5,Zv,0.528,False,True,Zl,1.0,False,0.511
PN9_SID834,Zh,28,Zv,0.629,False,True,Zv,0.882,False,0.529
PN9_SID835,Zh,24,Zx,0.428,False,True,Zx,0.317,False,0.571
PN9_SID836,Zh,25,Zv,0.488,False,True,Zv,0.945,False,0.51
PN9_SID837,Zh,15,Zx,0.778,False,True,Zx,0.984,False,0.56
PN9_SID839,Zh,8,Zv,0.882,False,False,,0.0,,0.424
PN9_SID840,Zh,15,Zv,0.512,False,True,Zx,0.547,False,0.575
PN9_SID841,Zh,6,Zx,0.498,False,False,,0.0,,0.476
PN9_SID842,Zh,18,Zv,0.406,False,True,Zx,0.537,False,0.468
PN9_SID843,Zh,6,Zv,0.906,False,True,Zv,1.0,False,0.548
PN9_SID844,Zh,8,Zv,0.678,False,True,Zv,1.0,False,0.46
PN9_SID845,Zh,6,Zv,0.624,False,True,Zx,1.0,False,0.472
PN9_SID846,Zh,15,Zv,0.589,False,True,Zx,0.53,False,0.487
PN9_SID847,Zh,5,Zl,0.7,False,False,,0.0,,0.415
PN9_SID848,Zh,15,Zv,0.653,False,True,Zv,1.0,False,0.62
PN9_SID849,Zh,10,Zx,0.564,False,True,Zx,0.802,False,0.599
PN9_SID850,Zh,4,Zv,0.773,False,True,Zv,0.773,False,0.455
PN9_SID851,Zh,7,Zv,0.522,False,True,Zl,1.0,False,0.44
PN9_SID852,Zh,9,Zv,0.86,False,True,Zx,0.619,False,0.556
PN9_SID853,Zh,13,Zv,0.648,False,True,Zv,0.446,False,0.547
PN9_SID854,Zh,6,Zx,0.724,False,True,Zv,0.729,False,0.594
PN9_SID855,Zh,5,Zv,0.791,False,True,Zv,0.98,False,0.466
PN9_SID856,Zh,8,Zv,0.629,False,False,,0.0,,0.593
PN9_SID857,Zh,27,NA,0.257,False,True,Zx,0.511,False,0.608
PN9_SID858,Zh,4,Zv,0.485,False,True,Zl,0.793,False,0.487
PN9_SID859,Zh,23,Zv,0.468,False,True,NA,0.362,False,0.613
PN9_SID860,Zh,6,NA,0.79,False,True,Zv,1.0,False,0.477
PN9_SID861,Zh,20,Zx,0.551,False,True,Zx,0.494,False,0.67
PN9_SID862,Zh,9,Zx,0.594,False,True,Zv,0.792,False,0.625
PN9_SID863,Zh,11,Zv,0.364,False,True,Zx,1.0,False,0.55
PN9_SID864,Zh,11,Zv,0.287,False,True,Zl,0.769,False,0.385
